timestamp,pose_error,rotation_error_deg
0.0,0.11696748494066958,1.4510030110717833
0.05,0.10411913758974614,1.25570431766862
0.1,0.10093072090497163,1.4977987053944168
0.15,0.12072314904849879,1.2142502713464265
0.2,0.13179010183772089,1.5109567332196756
0.25,0.11585021378941793,1.3613425890131312
0.3,0.10510327108224475,1.2882607870956397
0.35,0.11911656940078971,1.2264857750974154
0.4,0.14161936337278921,1.6595270768274408
0.45,0.14850291868715051,2.088756231485752
0.5,0.13650156673934216,1.5457052262810371
0.55,0.10027880166999545,1.2006795632537512
0.6,0.10471986640567797,1.189318097353767
0.65,0.10566499413545502,1.655430787837151
0.7,0.11666456250426088,1.3704006246004485
0.75,0.1009994474459849,1.6837251106299524
0.8,0.1424979610952997,1.7721562773611765
0.85,0.1575069775102938,1.609188295270579
0.9,0.1468600316745365,1.8337854378376621
0.95,0.12118967393624037,1.6407448716712514
1.0,0.10281716170720376,1.1908275829339934
1.05,0.16731608046552648,1.713594189677532
1.1,0.1466043554537665,1.7404035969326102
1.15,0.12985206017940015,1.5521165226588445
1.2,0.10985670135053481,1.6009146628175739
1.25,0.11248616859159016,1.4456518111255328
1.3,0.13078032020565672,1.6004151611271908
1.35,0.09966582853083564,1.3821716443569507
1.4,0.13644240607835323,1.5764265706826013
1.45,0.12946651884908353,1.300235885500024
1.5,0.12699747064916692,1.3894113886921988
1.55,0.1069129167567068,1.8250762411318655
1.6,0.10874626976827148,1.6995987828782448
1.65,0.1726087161986139,2.0453436753848404
1.7,0.12248794613712682,1.3734818025433284
1.75,0.1010522589592935,1.2089016371289778
1.8,0.1690807611310512,1.9502198523586798
1.85,0.1381333347743142,1.448555359500491
1.9,0.11858407460330006,2.022149096613044
1.95,0.16014859454915392,1.8039715863449617
2.0,0.1419386005148498,1.5633947313987389
2.05,0.12631386979943218,2.011061036390448
2.1,0.10263567570636448,1.1112692453239368
2.15,0.09945372606990092,1.0635993008454954
2.2,0.12905180694093812,1.7485641433838959
2.25,0.11300008568343876,1.3883450027712008
2.3,0.10911738788744142,1.9514608062651102
2.35,0.10133082669681864,1.4255289197910155
2.4,0.13469389964101633,1.3891449011399284
2.45,0.1178129023932314,2.0781111813063284
2.5,0.11284205534105853,1.4564824733834705
2.55,0.11735921149110957,1.3079283054450201
2.6,0.10038118898367647,1.126601834233088
2.65,0.09828294471003696,1.1228798211895814
2.7,0.14253331887189216,2.3471591497269104
2.75,0.128207717167771,1.601680574883144
2.8,0.11707474305903487,1.5344084406986438
2.85,0.11424846824761815,1.5530260293985994
2.9,0.10217835693096752,1.2288768302313064
2.95,0.13888109391965003,1.9458535703555966
3.0,0.1513958546656264,1.9046947265614378
3.05,0.12000928080768782,1.3943549843685987
3.1,0.10118043113453387,1.7746182993488042
3.15,0.10632888003752475,1.1120611467442307
3.2,0.1189591542672375,1.4201576928134156
3.25,0.12208070253016261,1.7792208294460137
3.3,0.12027208036787479,1.4025880771433514
3.35,0.1407020697681748,1.675231849900373
3.4,0.10178609546503486,1.1774631820848764
3.45,0.1031193020748135,2.048374274832174
3.5,0.10066983808382365,1.2172402543475276
3.55,0.12626671776558582,1.2793420621966576
3.6,0.10783557448367823,1.2682988005786984
3.65,0.15639307217364204,1.7198435797434655
3.7,0.1305440120285837,1.4328806466024515
3.75,0.13086140140046337,1.3151875261382153
3.8,0.10903636177896484,1.8500454504239987
3.85,0.12193549755656803,2.1414340362379622
3.9,0.13281651353919888,1.39990292709285
3.95,0.1083744607777757,1.0962101898179537
4.0,0.11728108713568372,1.181610054194894
4.05,0.10558782202627673,1.5384641154096312
4.1,0.09885749943930604,1.0056109187888318
4.15,0.11478683271876707,1.3364569920264493
4.2,0.15368873296824548,2.0215186013534137
4.25,0.0996156802909943,1.7845963333146886
4.3,0.12415782954450715,1.5721144153041235
4.35,0.1294778275229525,1.298863478593576
4.4,0.11528553484495155,1.1983143667035954
4.45,0.12848428505953335,2.361581414292564
4.5,0.1642333762122788,1.8341613867751931
4.55,0.10195203191027528,1.6720558479354954
4.6,0.13024788557424066,1.3209275791503312
4.65,0.1348118517969135,1.8256147468841266
4.7,0.12594346616760457,1.9512692760625487
4.75,0.10765135290679768,1.661761640568368
4.8,0.1266144165601645,1.9038182296378243
4.85,0.1133345333427974,1.9658404029303505
4.9,0.10283520980233288,1.4793280453371032
4.95,0.09895600907032946,1.6905181119569295
5.0,0.10286068034885305,1.3664117120777548
5.05,0.11569684988389953,1.466310144824957
5.1,0.10062821981763909,1.2502027013571875
5.15,0.11245463411895597,1.2905190821269779
5.2,0.10149199966764957,1.8331063840331443
5.25,0.1074549325512576,1.7247047423479964
5.3,0.1019431988877951,1.221680631942599
5.35,0.13436450278998588,2.5178327622079486
5.4,0.09886129427371067,1.3779424493830434
5.45,0.10239658277277441,1.474520276298466
5.5,0.11421201961775856,1.3849725310085643
5.55,0.13436778824204543,1.4122115431427968
5.6,0.11066396480760515,1.1550192077958275
5.65,0.11806152114256509,1.3127920687115064
5.7,0.11173325854862998,1.4866371883708678
5.75,0.13884026521967907,1.5419720813225306
5.8,0.09899247293236259,1.4886909708388898
5.85,0.11772453221125795,1.9800828691525785
5.9,0.10604782172284556,1.223942265508896
5.95,0.12891266976014834,1.7519060122704984
6.0,0.11688457171336136,1.9567644901949555
6.05,0.12800725403315244,2.4355958475670327
6.1,0.139988281655703,1.7386226741784951
6.15,0.1380965207154551,1.5637746270982897
6.2,0.12082247986963233,2.158692838573592
6.25,0.11679121738554883,2.1881337334405417
6.3,0.12267532892580764,1.3438702230278303
6.35,0.10425378676972724,1.5647989511755815
6.4,0.10609476961418761,1.08920434152719
6.45,0.15363417513533942,1.5980521923171405
6.5,0.146579198064739,1.9827395938585306
6.55,0.1044567611952923,1.1819403281061898
6.6,0.11115273104518036,1.128878181874994
6.65,0.1008318927688239,1.6820699538479837
6.7,0.11510491900764164,1.2419091024834108
6.75,0.09919867163057251,1.301780192350595
6.8,0.16359027068810061,2.3383174595511935
6.85,0.19115204551708992,2.3495753285392826
6.9,0.11235008107406096,1.4702711346074242
6.95,0.10186777667022626,1.9560356221935975
7.0,0.10394612328503425,1.1214452133342558
7.05,0.1078755484699734,1.1444707179963638
7.1,0.1101229698405539,1.439751644612682
7.15,0.09971523253543199,1.068249009359179
7.2,0.11938555180110412,1.2944145227389134
7.25,0.11691639808531515,1.4629687831874296
7.3,0.1036541684513138,1.1377439036532062
7.35,0.16386765775903142,2.110394670496966
7.4,0.116066105980474,1.5021650301782017
7.45,0.1063834944115444,1.4295290164105456
7.5,0.10848194954028015,1.511642357113335
7.55,0.10725234036704345,1.1296528488611808
7.6,0.09823256151953973,1.0904950941080949
7.65,0.12114679197690378,1.918793155097092
7.7,0.13700206410826815,1.4143672955007474
7.75,0.10614874965209789,1.3427374918708996
7.8,0.11837180972322785,1.4173105191583248
7.85,0.12704349629300724,1.6138375964468639
7.9,0.11062911883571003,1.4480611565820256
7.95,0.11133569214049807,1.3932897304855292
8.0,0.12244237931722093,1.5848293835878684
8.05,0.11242739931279663,1.6183983954310395
8.1,0.12188153358479478,1.2201900407511577
8.15,0.14595968938393555,2.327571872197275
8.2,0.10440781397013464,1.8400244555127931
8.25,0.16540160977017604,2.2309890195382778
8.3,0.11195474306579688,1.2935213719012273
8.35,0.14763318767851114,2.2317517525532136
8.4,0.13498149915229335,1.5283532521840382
8.45,0.12981156291215704,1.8647972144555545
8.5,0.1059324804807601,1.3867102878249375
8.55,0.1135189458206625,1.5251759664492663
8.6,0.11644795430067749,1.7067310574807633
8.65,0.14976303981701355,1.558429156605504
8.7,0.10583550661940896,1.24381033904135
8.75,0.11763282438846849,1.54698332012755
8.8,0.11522508428440036,1.6822554514209926
8.85,0.10194834380970835,1.2851472812742961
8.9,0.11599600047141276,1.6150792755751193
8.95,0.1326983601499036,1.473818557798263
9.0,0.09987723975642049,1.6978199442391622
9.05,0.09929924779291437,2.2429233149760117
9.1,0.11270480522051862,1.2015936195179897
9.15,0.15886475283994056,2.3678443563303
9.2,0.10476810598929713,2.180538620060899
9.25,0.10026883065000841,1.3519657813503394
9.3,0.1287113513124864,1.3962013769056525
9.35,0.10908231707644919,1.580449407280932
9.4,0.10307919415203753,1.9772803079928019
9.45,0.14605971761130676,1.6163565924318983
9.5,0.09957538482721202,1.157109419454055
9.55,0.1274124923330282,1.5503728885874848
9.6,0.13392814231075534,1.6262245659106218
9.65,0.10157035642126543,1.630331465110699
9.7,0.13773463950096798,1.7133443796896017
9.75,0.1392228827543217,1.4762683484870776
9.8,0.09868808241714579,1.076569724472213
9.85,0.135057193588484,1.4177386104321792
9.9,0.11228617454763423,2.100137138330088
9.95,0.1136382746705434,1.4207746171346998
10.0,0.11674138149136662,1.407471756824554
10.05,0.11421016832886294,1.1499193172907496
10.1,0.15433120035586256,1.7881540690613622
10.15,0.1449085195773753,2.2876163881094254
10.2,0.12326404665593299,1.4113602663619076
10.25,0.1112007620884661,1.2735876842771252
10.3,0.11976239591841385,1.763278803019083
10.35,0.16321712134104605,2.185990784695367
10.4,0.12739460835239064,1.9689489642636895
10.45,0.10824036716654178,1.4220564472262356
10.5,0.1365032787751173,2.2406643501469867
10.55,0.10346940583305526,1.5602170028435483
10.6,0.11989086758778902,1.9128310275383567
10.65,0.13320774389727336,1.9412134740327758
10.7,0.10628873526455057,2.112208232747606
10.75,0.1371292660389519,1.812244266574566
10.8,0.12723111313285462,2.2649270025737733
10.85,0.12363430540522774,1.8293352027848302
10.9,0.10336216027133001,1.1831102434296277
10.95,0.10041326083941535,1.0921250629167487
11.0,0.13248892536006246,1.5058983820547418
11.05,0.10886489004799381,1.2785469563259975
11.1,0.09875430357476991,1.5794693183763675
11.15,0.10844047342741604,1.9115005805306304
11.2,0.11230886378493447,1.3138106370481564
11.25,0.10330822445852651,1.4322715364849488
11.3,0.13866618446207826,2.2535241702881175
11.35,0.10580927012477788,1.154914843888615
11.4,0.11438945565882865,2.1181021179072106
11.45,0.13837972655510053,1.5477599200452465
11.5,0.14395471293191006,1.733738836748286
11.55,0.11247177449458928,1.2976941827078015
11.6,0.10867720560077324,1.1761974799258939
11.65,0.10006271607009429,1.288753583120784
11.7,0.115827012357342,1.2651015531847893
11.75,0.12176694761476561,1.3848511292344867
11.8,0.13860846509846472,2.1819755750500476
11.85,0.10022817451326443,1.0624001133284438
11.9,0.09996264814887088,1.554811169168588
11.95,0.11346404884461081,1.2651965846662947
12.0,0.11400495867092991,2.0903376395000386
12.05,0.09865188830849536,1.5465197069629002
12.1,0.11680100001896719,2.0717692105829792
12.15,0.11972369529430518,1.645367637205253
12.2,0.12765021713555516,1.665187592754073
12.25,0.110418612510548,1.3909012247106878
12.3,0.1164781166217479,1.7437846692116654
12.35,0.11296208497240773,1.7052420296969857
12.4,0.10084535108648265,1.0612791946215663
12.45,0.10169313464378768,1.6352904952375353
12.5,0.13805083330990947,1.6593415051922102
12.55,0.11361868551695885,1.150830285513213
12.6,0.14625915813581913,2.264791847685887
12.65,0.11795755366654045,1.5482259440411046
12.7,0.11028380008922237,1.3948441200151487
12.75,0.15528166998430878,1.673264889888151
12.8,0.1221688967116571,1.7138411842967898
12.85,0.09940718924927401,1.2249323709046989
12.9,0.10519976640828635,1.6212683739389218
12.95,0.11991753321004976,2.210159966913355
13.0,0.10991286400626547,1.2447130533702855
13.05,0.12077679718613732,1.3461301074253793
13.1,0.15084235301689652,1.9684933657668857
13.15,0.10076783485608184,1.1020116178548065
13.2,0.1129594436256602,1.9346984476820652
13.25,0.13307152754336346,2.34880009994032
13.3,0.09961891594865768,1.2018045543424036
13.35,0.11047048407942445,1.3838731813446734
13.4,0.12628017022693014,1.8165550009421603
13.45,0.13278796615456456,1.9198686262954578
13.5,0.10351484167227448,1.2545594418935466
13.55,0.10661644489437214,1.4011903634963028
13.6,0.11243127361427704,1.428339769015462
13.65,0.10204681588862297,1.4802789857104406
13.7,0.11275756017377606,1.31292349956254
13.75,0.10987614206668808,1.2297003981097092
13.8,0.10137555574987023,1.6111667038278084
13.85,0.15084871813064726,2.0022627378382696
13.9,0.1103645680547461,2.330405362450424
13.95,0.10546565789325432,1.4341525206679668
14.0,0.1061134695877061,1.1820093007429269
14.05,0.10144565786783086,1.4938163662988426
14.1,0.11622775935803935,1.1988717886615958
14.15,0.1004711547986579,2.180067582350942
14.2,0.1278028932747023,1.8687687513686373
14.25,0.10758326490513673,1.2202445749914517
14.3,0.10179528682126812,1.047052884499291
14.35,0.15397274708430878,2.70314725615303
14.4,0.1137621175280541,1.2585697854280575
14.45,0.10044897337242646,1.2599011580463602
14.5,0.11428791347310166,1.971549187947013
14.55,0.1023767414586806,1.3684298802760222
14.6,0.10701989966715493,1.9816102376780993
14.65,0.1296844282061136,2.195188368226082
14.7,0.16258683006439387,1.657347367988525
14.75,0.10447349997725522,1.3479089813356835
14.8,0.12029092649231114,2.0716687790957837
14.85,0.1204036025417674,1.4870067624585976
14.9,0.104147564002309,1.2911637126478843
14.95,0.13391446384971178,2.275869613771039
15.0,0.11272243181045187,1.3010471738025953
15.05,0.1372530397466822,1.6141838927731813
15.1,0.117845598717424,1.2232838915438087
15.15,0.12071437956190392,1.6179241861581402
15.2,0.10065580082770158,1.3529831654845212
15.25,0.11800108653817701,1.7318533424224067
15.3,0.12988390987317505,1.556159340940171
15.35,0.10285697859064179,1.3189884422900693
15.4,0.12563861460189096,1.9738286285684854
15.45,0.11217585806992438,1.6903111057251001
15.5,0.11128304448909408,2.233618932293396
15.55,0.16770186252193475,2.4121616171902893
15.6,0.13638079591996335,2.074730993283813
15.65,0.11270467552154674,1.6215690790384523
15.7,0.1457137659666557,1.995851764576217
15.75,0.13552848491423797,1.5103636269067269
15.8,0.12346465668175322,1.4150151789478165
15.85,0.10599501366917843,1.7321142507950007
15.9,0.1146037939791244,1.2746446023227282
15.95,0.13318482903490697,1.4349461495020615
16.0,0.09983376535780976,1.1620920315668966
16.05,0.17062204929961966,2.475770946501561
16.1,0.1282360289313683,1.4432434265570815
16.15,0.13176328283222896,1.886804522515668
16.2,0.13822828168350645,1.5894703903828096
16.25,0.12009485911187251,1.2489983763074757
16.3,0.13426002993628283,1.9316056241371564
16.35,0.10690100058311365,1.5747856620683867
16.4,0.10000801569141617,1.846881939293348
16.45,0.10721273540534726,1.2485052543772415
16.5,0.13233486769228187,1.545032805304883
16.55,0.12158924695489992,1.3216545232201933
16.6,0.14325244939642395,1.6629283554721077
16.65,0.14175163484911377,1.433876768503986
16.7,0.13153485884672564,2.388774901098413
16.75,0.12923513447011406,1.3663608496810211
16.8,0.13509299499712651,2.244676681192873
16.85,0.1292950818852287,1.6651220464288017
16.9,0.1149205734581984,1.1525682102424024
16.95,0.11399484408963056,1.1879835777649428
17.0,0.13057377252955277,1.3706358610786058
17.05,0.15546378938498845,1.6088961191652416
17.1,0.1289398096156219,1.6311929402478573
17.15,0.09945978683307598,1.2312532505199072
17.2,0.10671036781488719,1.6366279902434613
17.25,0.14821171201452393,1.7372329715946073
17.3,0.15251656562916213,2.0590842053942553
17.35,0.105337837519367,1.4590314876197652
17.4,0.1008758560387419,1.3854433648451963
17.45,0.12258781108377106,2.1832636081812598
17.5,0.12638924275754573,1.489781055757267
17.55,0.15230945602963572,1.676779576414796
17.6,0.12248234387920579,1.419231988063196
17.65,0.11776390644165138,1.7714399498591817
17.7,0.12436341916189991,1.5661601688425202
17.75,0.11231634289646406,1.4657025682093414
17.8,0.12669525365393075,2.1036495520289225
17.85,0.11708704481868701,1.2807312706270242
17.9,0.10267961386452315,1.1768854175719576
17.95,0.14289047591631976,1.6951101366501637
18.0,0.10216005946518084,1.4530035053101575
18.05,0.1114770994543768,1.199977305099413
18.1,0.10771099364070325,1.1000526138764803
18.15,0.10582316552872469,1.4099634639257919
18.2,0.12570913302394485,1.9603239917852875
18.25,0.10868002363094628,1.1625982550910727
18.3,0.1066811161539955,1.110243505698856
18.35,0.11088299852216126,1.398548658542639
18.4,0.12675422652583898,1.7823306878553795
18.45,0.18407321462012732,2.269264971979198
18.5,0.17648986219743296,2.121483645771445
18.55,0.13348220697034913,1.6393655628257844
18.6,0.12739846367553043,1.9622851920844073
18.65,0.1229084246367866,1.7363014213400616
18.7,0.1351771509496611,1.9214773400685972
18.75,0.12740646003967357,1.987616101378781
18.8,0.1476211745762086,1.6382334489590424
18.85,0.16441487665584983,2.865937439100523
18.9,0.14496412153226065,2.029311070265054
18.95,0.14320206851031708,1.750444861302559
19.0,0.15589957892037648,1.6536700594994018
19.05,0.14938000615571914,1.7505131336089836
19.1,0.1485055223771183,1.6902145976362495
19.15,0.17464616717660014,1.8083506420559583
19.2,0.18979330101421477,2.0195541499515186
19.25,0.1645743964663617,1.8226071534862751
19.3,0.16517654643186877,2.3304285692881668
19.35,0.1612872838946162,1.9738158214739725
19.4,0.16083186234606717,1.8468425446970613
19.45,0.17884566133626772,2.101844790210568
19.5,0.1537887319415181,1.5688412606755124
19.55,0.169951478985381,2.378829176526825
19.6,0.16269887116847667,1.6782254741977187
19.65,0.1833792654295347,1.9211253266793695
19.7,0.18523532881090124,2.450336273723605
19.75,0.18214907069292,1.8648065087445147
19.8,0.1737088014354475,2.52268145013594
19.85,0.13557691276995154,1.4313262432054747
19.9,0.1367443443120763,1.9999049645112517
19.95,0.15566865893271345,1.663659425820636
20.0,0.1565097311323111,1.7012090528393167
20.05,0.14205481655701557,1.618682073417072
20.1,0.1337866230984074,1.543516675220939
20.15,0.14087458774198552,1.5749882762217053
20.2,0.1185053915645824,1.9831714176844732
20.25,0.13873079081887663,1.8977138486815006
20.3,0.1253781190610844,1.6794906808616097
20.35,0.12722404722250447,1.4070909870026882
20.4,0.13894043990728192,1.7954301814758329
20.45,0.12488651370298359,1.9056777660628856
20.5,0.10755555890357675,1.2286747743376543
20.55,0.10736548680124185,1.494516139386814
20.6,0.12045045229761824,1.459266198192633
20.65,0.11312734840564169,2.2373198494064455
20.7,0.1261942162310516,1.5042525664161117
20.75,0.10773356669934532,1.4177951649053726
20.8,0.10479215282476516,1.0598877138133544
20.85,0.10373553733942213,1.2691997582907013
20.9,0.1720221264090298,2.253114031691294
20.95,0.12528053640906792,2.093904503794027
21.0,0.13734055629522168,2.069971600022496
21.05,0.1409105083073947,1.542937441180169
21.1,0.11949890816434437,2.0906217153732025
21.15,0.10328899388722856,1.1443951840234061
21.2,0.11513416411150969,1.8838905936567851
21.25,0.1057686729596187,1.1319540449614311
21.3,0.11193817219493833,1.344608889923824
21.35,0.11719049041817312,1.7312880300993836
21.4,0.10328830281865824,1.273659212660157
21.45,0.10150162423716061,1.3019488588737986
21.5,0.10902004700632985,1.524135711288101
21.55,0.09825127082559064,1.4572259104677565
21.6,0.15516634315390865,1.583503642728416
21.65,0.1268224975327724,1.761718859972498
21.7,0.13831069444936867,1.5226490452121988
21.75,0.11532092217744187,1.6007277985139525
21.8,0.13729348151624798,2.761361365130961
21.85,0.0985770564247463,1.4432452102428888
21.9,0.11934706410794803,1.48078953582029
21.95,0.10469004988329315,1.5741951600792385
22.0,0.11360101977956179,1.7911779988401193
22.05,0.11814295908530853,1.9668227300837835
22.1,0.11817566924744424,2.038462826914418
22.15,0.10077062671676879,1.3517691905122617
22.2,0.09959224260696505,1.4205338551503766
22.25,0.1003356919928136,3.1471011747568562
22.3,0.1315823287363817,2.036317919403781
22.35,0.09943112313513225,1.3903358033047373
22.4,0.11247592938292073,1.1569547504172089
22.45,0.126554462839512,1.4251905096723445
22.5,0.1346232569829126,1.8915141106007314
22.55,0.11028964031492187,1.45361284341875
22.6,0.1442242104474439,1.6069166666724306
22.65,0.1206915043553011,2.0321108413762294
22.7,0.11535567765993747,1.4337059334653437
22.75,0.14076106304877423,1.6906420341452564
22.8,0.10726166969860006,1.2174685890689938
22.85,0.15488606708484282,2.0785067576142966
22.9,0.1140384101407993,1.5550089174809705
22.95,0.1562124805168308,1.7099005442547057
23.0,0.10449535075267236,1.2624547801012334
23.05,0.12121388756015081,1.3560677244268984
23.1,0.10170092268435371,1.880387830948302
23.15,0.14679362482991673,1.6813389889221955
23.2,0.11899279441255226,1.8652878364092946
23.25,0.10133467330319944,1.1587528956452504
23.3,0.11252195149646219,1.8208939066803538
23.35,0.10717060234225992,1.3036218708924396
23.4,0.13912670512883088,1.7432345021005526
23.45,0.11344191859313585,1.4351352982631491
23.5,0.10182072550322346,1.2169419592114652
23.55,0.10202013020052511,1.5552422867158615
23.6,0.12110480695335019,1.9269305118710172
23.65,0.10053809582007894,1.4433846339259855
23.7,0.10908296361304635,1.9520953936915437
23.75,0.10673792580146717,1.0872928416363254
23.8,0.10347675695189167,2.169516014915764
23.85,0.1278607893140341,1.4438798788418223
23.9,0.12355437792160699,1.3185684333800924
23.95,0.13002937148383809,1.9831254468556514
24.0,0.1496788993158705,1.6690490060531749
24.05,0.12987046844316782,1.600961454842395
24.1,0.10430438706450619,1.1559089431540894
24.15,0.14039419126275388,1.891705951836914
24.2,0.10009194157065754,1.5166320463176637
24.25,0.11681985678060369,1.5629375636205676
24.3,0.10967626600570694,1.69208118579914
24.35,0.10769742949976087,1.967494570900955
24.4,0.10742996851781436,1.2702710365879717
24.45,0.1540848271393696,1.8535872906158681
24.5,0.10527964024358073,1.796545440584595
24.55,0.11170025038948919,1.3612155177492746
24.6,0.14842455854125713,2.41995407297503
24.65,0.1312805741812875,1.589851597248256
24.7,0.10836885784473294,1.2423179882491504
24.75,0.15402618852838298,2.4341783756353115
24.8,0.12792895701893464,2.1703761717585133
24.85,0.11847736115188462,1.9789895146270031
24.9,0.12250668854334595,1.2484244686006634
24.95,0.11095805044488441,1.7854628145801834
25.0,0.1617232054137927,1.8352997374599342
25.05,0.1305580533853194,1.7962769863779533
25.1,0.10079306929769419,1.5392624162221042
25.15,0.1774417363495243,1.8221691039888865
25.2,0.11626094389192085,1.6474833677566805
25.25,0.1094030317093642,1.1832543981652008
25.3,0.13067494641992705,1.5589559536891326
25.35,0.10004072051251148,1.460381936720883
25.4,0.11374621714531027,1.5476786022122613
25.45,0.10243751647856471,1.281289996959099
25.5,0.10573461858204723,1.1567639842986337
25.55,0.10035000184182388,1.4138780520213852
25.6,0.10797734687625296,1.2666093618015848
25.65,0.1345715289955458,1.866104015190546
25.7,0.10281761269850556,1.2871723391416077
25.75,0.15113987781007193,1.9076685405816651
25.8,0.113062927841868,1.3296500840222212
25.85,0.1351485697513596,2.193669699963532
25.9,0.09810101733217871,1.3110680243278505
25.95,0.12837871715174784,1.6767956607376244
26.0,0.12251077228942614,2.1013152529450094
26.05,0.1285604987789019,2.2280322938911103
26.1,0.10015141821613137,1.2171965346169469
26.15,0.10937262447880729,1.3966362424673249
26.2,0.11724000436470636,1.1857472312141524
26.25,0.15571041407797845,1.7639133125973463
26.3,0.10826537704488032,1.8770250315589532
26.35,0.12402680712140614,1.5872472593774736
26.4,0.14094597889602412,1.7534396165605979
26.45,0.13805033260868788,2.2916223277885
26.5,0.1404867732354949,1.6054638958570258
26.55,0.14048419435723475,1.7091915471152248
26.6,0.10040268926272825,1.2810787514517479
26.65,0.15130149826962971,1.6037816631007835
26.7,0.10133127806089233,1.7690922433326424
26.75,0.1170210395980056,1.8447892938418524
26.8,0.12317282260442687,1.877165507969448
26.85,0.12210521364828145,1.6820608629330907
26.9,0.09957337275327706,1.157529708576458
26.95,0.1271145546583332,1.3448194203496082
27.0,0.11477388979671443,1.435633979171179
27.05,0.10690144898995632,1.4154016311124649
27.1,0.11221656066194997,1.36672021394071
27.15,0.1255327906016462,1.788554366767293
27.2,0.14448245645058078,1.7417008543967785
27.25,0.10550541473195744,1.5146151085086532
27.3,0.13921321718662483,1.6049123464823687
27.35,0.09969482411324805,2.10910279981715
27.4,0.14146815987613445,1.8409632873246395
27.45,0.10769076390234852,1.7159562820261862
27.5,0.10293133745429459,1.4763326177664133
27.55,0.12870005411911414,1.3861892682787709
27.6,0.11982128902653144,1.2582231082927142
27.65,0.10734584324193006,1.5747785600028124
27.7,0.11820013790787083,2.0949937430642964
27.75,0.17777751391373603,2.3809425174452725
27.8,0.17246660506203398,1.7804512273482163
27.85,0.10135768393196011,1.4167066725529383
27.9,0.1141797830139193,1.4578840690130737
27.95,0.11890843605885063,1.5070570827203786
28.0,0.1312119224961078,1.965009205487996
28.05,0.10996631306049123,1.6070453770432471
28.1,0.12949991540923578,1.7904978919306465
28.15,0.12614527579095589,1.8276987647335075
28.2,0.13133418833543262,1.9729147968056342
28.25,0.1393999059379691,1.8857801756077113
28.3,0.1177418340049482,1.8540360806150034
28.35,0.10958992136159403,1.326737961295832
28.4,0.151250588196048,1.9423129860748327
28.45,0.1325158503536485,1.5065564283897905
28.5,0.11882287738684175,1.482014170371727
28.55,0.16316255188136847,1.871170369661185
28.6,0.12134359896644556,2.0080842337926295
28.65,0.11820484274495262,1.2663383851009327
28.7,0.12338711780006137,1.238187890371163
28.75,0.12830692896586343,1.5664025577534368
28.8,0.11400467999759736,1.4738688829782172
28.85,0.11087066938557323,1.1807357209836502
28.9,0.12182118250930017,1.6433950011613367
28.95,0.15347015352385854,1.9381349942677764
29.0,0.14569460826500957,2.077113807790605
29.05,0.11062614304235567,1.2519481760458122
29.1,0.10750725360979858,1.5987774959562633
29.15,0.1461170142979505,1.8153606304417196
29.2,0.10418160637598392,1.0849477633498692
29.25,0.10281995964970532,1.252106137813381
29.3,0.15136341710793033,2.6441509511493457
29.35,0.10918155512920014,1.2789839753670025
29.4,0.1268511756383917,1.294301985703775
29.45,0.15139912706860628,1.9977423693670686
29.5,0.11067639360934968,1.1373318588577577
29.55,0.1257938766823926,1.2810978163960929
29.6,0.1201365251561229,1.967926159703424
29.65,0.11650811764890899,1.2572440179504456
29.7,0.11277775940366934,1.1724643416287261
29.75,0.13433311369024037,1.703737331483717
29.8,0.11951945471137788,2.0464128114022806
29.85,0.11717585075790019,1.7200548620226042
29.9,0.13315571564393952,1.896355382716881
29.95,0.1254322293844963,1.2993876350764149
30.0,0.10227497823302507,1.183585319200301
30.05,0.11654083686158903,1.5623457948445683
30.1,0.13440718254662926,1.3831320000450558
30.15,0.1352886290581375,1.909264513569566
30.2,0.11033786486772731,1.327634496546691
30.25,0.15341662451212407,2.46907736785675
30.3,0.1061554572968637,1.1759718970580266
30.35,0.11896559015647466,1.8472034446710242
30.4,0.1066023004832092,1.5555754126277144
30.45,0.11617234012086375,1.9930442196900269
30.5,0.09906056676350952,1.1539816751642362
30.55,0.1992183163892184,2.1614312769592594
30.6,0.11076935734086223,1.2325063795018898
30.65,0.11767877433211418,1.517307573266706
30.7,0.10446436226336395,1.2987140348025545
30.75,0.10193845565811503,1.9132886602270598
30.8,0.1104650451058375,1.9914278674090915
30.85,0.14344361739661884,2.323310307628088
30.9,0.10400024917943564,1.1623614427481415
30.95,0.10969304332076768,1.7282988853800045
31.0,0.10718067926636127,1.6226921367048175
31.05,0.11387155515635926,1.7805509947725389
31.1,0.13977063220905228,1.7151547469848847
31.15,0.13524970219472413,1.6166390405395756
31.2,0.1377831435954538,1.4306143156900215
31.25,0.11791114907741805,1.1920242429079537
31.3,0.1022528044601422,1.5859544515232638
31.35,0.10597267284217007,1.0935773167758382
31.4,0.1031033307764641,1.1965959477648154
31.45,0.11170435109626986,1.4337867892162217
31.5,0.13841397318065823,2.1225929355724054
31.55,0.10755134016387777,1.2872772910860095
31.6,0.1357367254827692,1.4913350103488474
31.65,0.1322226259346768,2.295868329464348
31.7,0.10390275019353057,2.0749185915088266
31.75,0.13638174709269893,1.9035785377607923
31.8,0.10324751938825828,1.404503573201303
31.85,0.11057051166879062,1.5244880387063047
31.9,0.1049082528779479,1.263518217849185
31.95,0.10879901650499173,1.8433032272763419
32.0,0.12462445007128432,1.8891915467765572
32.05,0.14733425500034458,1.7626270112401567
32.1,0.12145125327651159,1.6250210383195678
32.15,0.1510168314275227,1.731751972028674
32.2,0.13255601526989935,1.9087782738470624
32.25,0.14168418997360732,1.5354333109452933
32.3,0.12005634392201164,2.2297977432253306
32.35,0.10191888609524999,1.3357932938920336
32.4,0.1252743769143706,1.715199547527623
32.45,0.13608673595964288,1.6726725252590753
32.5,0.119519703537627,1.2094172993947037
32.55,0.12068743341074115,1.8867800590683883
32.6,0.10661251641779755,1.7708027208316008
32.65,0.11053051250357979,1.4337357040607668
32.7,0.12260654675767094,1.6657615825241296
32.75,0.11421988303705627,1.5007271716989767
32.8,0.15858824698992555,2.425438064466748
32.85,0.15066717024791704,2.265251056799554
32.9,0.1299504507369878,2.174485610616347
32.95,0.10858115683294056,1.2237898758929795
33.0,0.17561127124757983,1.8176568725032523
33.05,0.11633914384659025,1.5602335767234163
33.1,0.12297150091111253,1.4454528035255103
33.15,0.1167970785396338,1.7504219786239625
33.2,0.10992176722663072,1.406176937673954
33.25,0.1091805368510173,1.2019984658895253
33.3,0.09996362421356977,1.5233642960676945
33.35,0.10570556633026104,1.664248910921386
33.4,0.10700475955348343,1.2944120304119298
33.45,0.15207643892911438,2.376929258124041
33.5,0.11570655310090973,1.4636376569689318
33.55,0.16244843753568922,2.2494045448779296
33.6,0.16610699108743276,2.0581881566035922
33.65,0.13332315390127236,2.273453818477439
33.7,0.12021725217086476,1.9113323162475555
33.75,0.1736378568735497,1.8708004359571035
33.8,0.10024238161874718,1.6000761955902647
33.85,0.11204976359800198,1.5910459886501156
33.9,0.11746133707270098,1.2014885408949167
33.95,0.10398962969648431,1.1591019290902735
34.0,0.11960955036662178,1.4241917549912635
34.05,0.10803879266139185,1.7764510153735382
34.1,0.10096648789787539,1.0492102321567975
34.15,0.1065671395601143,1.1681869523398676
34.2,0.1226271684513682,2.011535414928131
34.25,0.14291389228706636,2.012694794030119
34.3,0.12518521999399873,1.4539896159449075
34.35,0.13818118098559903,1.5881052269330647
34.4,0.09831717512841069,1.3669169224663689
34.45,0.10358527793087523,1.165871245167556
34.5,0.09932915792673103,1.3115588708540817
34.55,0.15323208569948593,3.1736133358948906
34.6,0.10363979378835908,1.2801206973423154
34.65,0.10595578765929005,1.637500943776343
34.7,0.09812964496749538,1.4230825798595255
34.75,0.12521455667335976,1.3989645275680789
34.8,0.10603028030402394,2.031770600373645
34.85,0.12431987021004601,1.2862120649535151
34.9,0.11073226131183014,1.1982316425773976
34.95,0.10532493230807834,1.857321770520484
35.0,0.11037623132996648,1.9861240188486813
35.05,0.09851180208039499,1.1185895922494602
35.1,0.11849232960596197,1.8190623948255624
35.15,0.11474804643142086,1.8395804609958422
35.2,0.10472235656970774,1.320429024531259
35.25,0.11651810576848784,1.3317587004765006
35.3,0.12237266758272228,1.2441352060628725
35.35,0.17074413451830084,2.1074683346050413
35.4,0.1345390217574262,1.4661348167914916
35.45,0.11607690749736248,1.2296878559005804
35.5,0.17623656507323562,2.082586671690602
35.55,0.13889123318276753,1.7168657886555785
35.6,0.13905119488171314,1.8207363091883528
35.65,0.12115867453799917,1.3272650256930474
35.7,0.1313679805004877,1.3895684952693397
35.75,0.13646614813717836,2.2100511601414334
35.8,0.11637398772986285,1.6788352128535866
35.85,0.15008250411522822,1.5155590085169617
35.9,0.1546003257770655,1.807119217145622
35.95,0.12422631010006652,1.3063180396326564
36.0,0.12245845681715256,1.2315221011125015
36.05,0.1622077622827181,1.7733483906611935
36.1,0.11055114155719149,1.6076009448740698
36.15,0.12173590258253295,1.6708838821783683
36.2,0.15717834012324544,2.136528236564647
36.25,0.1408877190485817,2.115742482535935
36.3,0.10458454261979608,1.483747298955583
36.35,0.09838939055826136,1.0167305203676567
36.4,0.10965435332578877,1.3998244676834186
36.45,0.11369115430582574,1.4302912637195604
36.5,0.0998414381114971,1.2488161235729762
36.55,0.13151747345541287,1.495068146101225
36.6,0.10614405825802217,1.7787415600572118
36.65,0.14314099658579993,1.9516845586454226
36.7,0.10204366520518071,1.1112830584582363
36.75,0.10147034227990062,1.3103914428179737
36.8,0.11327166322093317,1.2685060335117184
36.85,0.12111282029492473,1.588373815754855
36.9,0.0994092784523426,1.0811684416839948
36.95,0.12459393335147055,1.369433617904971
37.0,0.12489604566216139,1.6986075792332775
37.05,0.11835424997836128,2.4500864478299955
37.1,0.11889388732424166,1.222327454277428
37.15,0.14310591836955722,2.1318289610768133
37.2,0.14805742494100105,1.7263916845918361
37.25,0.13193255796837758,1.4192124781538178
37.3,0.1193023916807801,1.624791963754197
37.35,0.09808683423598787,1.5297919058248997
37.4,0.16980822161025788,2.335817519029047
37.45,0.1515304226993614,1.7407534103220714
37.5,0.1035694980927377,1.6776794520459146
37.55,0.12755795133789768,1.5472533458626092
37.6,0.1042664988778949,1.9795042190282124
37.65,0.10079390466312348,1.4694955574276816
37.7,0.13110132445935951,1.3813176273713457
37.75,0.1474928812329565,1.9195308708843923
37.8,0.12603657407676866,1.4315899238791232
37.85,0.1364099327140986,1.502238909896057
37.9,0.1118344912068955,2.1055500352544048
37.95,0.10124362984977278,1.3690614399940895
38.0,0.13090799127561653,1.3139777805266646
38.05,0.09861310821658567,1.3146973315495156
38.1,0.1342452463796785,1.9851562883099705
38.15,0.13983421366591178,1.4453906211941698
38.2,0.11922452189847585,1.4900319404538656
38.25,0.11196597244647011,1.7653832738686095
38.3,0.10142942479940766,1.192483740077688
38.35,0.10308830496748715,1.1128746216860923
38.4,0.10707738437833257,1.2995739021768933
38.45,0.12729870000197735,1.6497000350198685
38.5,0.12295069957952723,1.756126160523913
38.55,0.11676532521360616,1.4423634943128945
38.6,0.10841941385847173,1.3767398681531153
38.65,0.11396035876553579,1.4183143288733975
38.7,0.12036911985940264,1.9940346022161037
38.75,0.11556906862651291,1.2240826571540184
38.8,0.12665871558791808,1.3649623536351365
38.85,0.12455882501189641,2.006097396931838
38.9,0.10976852093662533,1.126128909555348
38.95,0.1483874991643167,2.1241030446796145
39.0,0.12521527042540298,1.5165391182718666
39.05,0.10280997050417953,1.3621463592573249
39.1,0.10907941665922308,1.3470774516578716
39.15,0.11302180160505376,1.7977024630866212
39.2,0.11193377808348892,1.2882270451451472
39.25,0.10265800525058731,1.3328076171622465
39.3,0.10038190370447037,1.6510697739334343
39.35,0.1104499843693957,1.76376788301563
39.4,0.1398067682634555,1.45678795676356
39.45,0.11055315965791321,1.5322827039207394
39.5,0.1107541914382632,1.4826719830106387
39.55,0.17997252520414003,2.09937132679005
39.6,0.10591372207913924,1.429349201195017
39.65,0.10583071119597073,1.6905533784651512
39.7,0.10863580450413308,1.250737705778072
39.75,0.108454935206084,1.9541408622555299
39.8,0.10588386173608644,1.6438932967181015
39.85,0.10768530288033686,2.062481226937929
39.9,0.11232638641579334,1.7130709029946412
39.95,0.13123600322910078,1.6193031052923146
40.0,0.11644670072155053,1.2097470307244027
40.05,0.12772497129746357,1.3306422883006228
40.1,0.11214096751624612,1.2232989105429908
40.15,0.10574332850442932,1.963156040545031
40.2,0.11748762290480605,1.5339748128071378
40.25,0.11779465735707154,1.638631731507103
40.3,0.12361604079714784,1.5845204566388107
40.35,0.1544388136689948,1.6063526597468742
40.4,0.12579965181247635,1.4583605459749243
40.45,0.10365320245397422,1.1420167921250075
40.5,0.11023648842571288,1.502710618805719
40.55,0.10761202610143206,2.02836201028322
40.6,0.11914030278657778,1.4286502958679055
40.65,0.1100445681491254,1.4181953725261227
40.7,0.14327604151876908,1.4576097951885887
40.75,0.10731916445470426,1.761541043501642
40.8,0.0994864491818107,1.4552869687925611
40.85,0.12785314030253775,1.7276781487768338
40.9,0.09819140549530321,1.0542407807214367
40.95,0.11261136873839397,1.4579384093111372
41.0,0.14139838532017385,1.6300253748603966
41.05,0.10447794077561878,1.1942824984178708
41.1,0.13315634285998124,1.4601712879776616
41.15,0.10470814946237289,1.2738060174564454
41.2,0.13358558261338827,1.3700164621706352
41.25,0.13331492627337282,1.817898034477314
41.3,0.1429435487728349,2.325478179446738
41.35,0.10359226559903316,1.3197599104231812
41.4,0.11789912737002986,2.2577363439366827
41.45,0.102942866085372,2.1895685832628446
41.5,0.10568072310138245,1.1591889505265125
41.55,0.1100962246569879,1.1220086038526194
41.6,0.11730170381442401,1.3869540824159663
41.65,0.12454229238988132,1.3607293009426813
41.7,0.1341208091980562,1.3979716335451093
41.75,0.1607808322089185,1.9910110359654816
41.8,0.14344062701914734,2.11300528945181
41.85,0.09905233687406141,1.7573139693308653
41.9,0.13367554808570917,1.684726504055146
41.95,0.12641499542224466,2.3494468237427153
42.0,0.10090306230461257,1.1924492058994716
42.05,0.09985100718008717,1.6896452068561394
42.1,0.12594635104375207,1.7281576229327504
42.15,0.10150233083829446,1.5146210087619105
42.2,0.12581651054579582,1.4343193824101474
42.25,0.1653694723676772,1.6683326563270853
42.3,0.11048571689543621,1.3561049180496814
42.35,0.11312399597307281,2.1835394765733325
42.4,0.11747950106087476,1.6029657420175565
42.45,0.10921698706811081,1.3216548509296404
42.5,0.12981328919115476,1.2997604454978164
42.55,0.11781213920803253,1.2268560413561127
42.6,0.11034029747558934,1.2536606323106023
42.65,0.1257135443323018,1.9717648996128294
42.7,0.10514732170571428,1.46205639528715
42.75,0.14193321370407325,2.166031563598164
42.8,0.12724278318745275,1.6899993396032627
42.85,0.16795653597788976,1.7393172130070411
42.9,0.10086868237603935,1.1158408498334045
42.95,0.15357182453954474,2.2859043642937755
43.0,0.11887910733366855,1.9160892053410978
43.05,0.14323637867019567,1.8636276456268512
43.1,0.09822978929350522,2.0721536753510756
43.15,0.1559007452981804,1.6331003536633444
43.2,0.11089163508307097,1.5772198403151076
43.25,0.10710137788684296,1.2243326810220445
43.3,0.13215751613032245,1.5042914040395408
43.35,0.09909842915194533,1.0291794153917715
43.4,0.1398833903732901,1.9353111667631975
43.45,0.10573351832952883,1.7671118063112938
43.5,0.1216993556925054,2.099864437567718
43.55,0.1064872476311712,1.513075241563035
43.6,0.10057945726467077,1.0090193653773536
43.65,0.12146741357059995,1.408213022184346
43.7,0.10822536880897045,1.5557979463697278
43.75,0.15088892509076524,2.090146373816168
43.8,0.1309347825234148,2.253588959037104
43.85,0.11774988236607135,1.358470604008836
43.9,0.11056525025714094,1.7063728494246253
43.95,0.1037009853203402,1.3013006117561523
44.0,0.11028121155447246,1.214506070072447
44.05,0.14662617587190435,1.606716376502143
44.1,0.10625670371914585,1.4391335587743193
44.15,0.10908906975074052,1.5472661900261195
44.2,0.11352086084349024,1.3801733772715108
44.25,0.10805790329463971,1.2428495177713499
44.3,0.1428636682907502,1.8676224693308512
44.35,0.12670419503822736,1.5487957367683662
44.4,0.10202329091506014,1.4674714272178826
44.45,0.11569086061171131,1.3887977469567288
44.5,0.12127585355180864,1.870922921506275
44.55,0.1163610829644808,1.2077839573207256
44.6,0.1347644420213059,1.6311892023137817
44.65,0.14018455724763304,1.9231178128365818
44.7,0.13952822101205883,1.551745637466254
44.75,0.1408430737983961,1.4622983729289203
44.8,0.1147209231328686,1.5206218679339218
44.85,0.11628713671457153,1.3076033903791968
44.9,0.12800811688723662,1.482476077550306
44.95,0.13000982359014462,2.0278520781148015
45.0,0.13791295583248464,1.5714154999938794
45.05,0.10380854043120794,1.0519992635238147
45.1,0.11358216469677955,1.3022475938939506
45.15,0.14077326233362555,1.6052119492575403
45.2,0.10335811727161871,1.2163817317759658
45.25,0.12661487955565826,1.6251569160529145
45.3,0.12907464422659265,1.8684322056054987
45.35,0.11188286286203727,1.3891274437380885
45.4,0.10735624065191016,2.2390286643399575
45.45,0.11446241037332265,1.6198501599666049
45.5,0.13997239055260668,2.526750659409069
45.55,0.10738862077222251,1.3819839246245673
45.6,0.1263287401682507,1.636344787826642
45.65,0.16315100614645245,1.8207621998071892
45.7,0.14008815826275328,1.7575254915899872
45.75,0.10856585628005984,1.563292270435665
45.8,0.1292024894366281,1.6252444910850103
45.85,0.14050868198405758,2.10681823566984
45.9,0.12180967096147276,1.7618409450363446
45.95,0.11580398200622112,1.350875425871999
46.0,0.1736629300600609,3.2901883971936368
46.05,0.13531468154894838,2.028417385952153
46.1,0.10978993513275005,1.5171840892219168
46.15,0.12009678381015981,1.3954341243222652
46.2,0.10281755170483972,1.188569780958927
46.25,0.10134906735731362,1.4343919305712671
46.3,0.12811590936894993,1.4925968716005338
46.35,0.12943714066293727,2.1488757651215624
46.4,0.11648745202981858,1.4487943047745697
46.45,0.11802854802721915,2.39636341135481
46.5,0.10945541378204621,1.3008416824093547
46.55,0.11488383842810726,1.486186216225724
46.6,0.10499289612109108,1.1737974817656487
46.65,0.1375571780327856,1.567707780623806
46.7,0.13025504774312013,1.8509906954428883
46.75,0.09895518893565078,1.2031286726108894
46.8,0.1088691327519739,1.092806776705782
46.85,0.11157978370533037,1.9823938829791456
46.9,0.13734441995813002,1.3976668717862784
46.95,0.10773892800109568,1.2741872537132362
47.0,0.11635617688815426,1.7934151898206256
47.05,0.10217352621562056,1.5231951228550997
47.1,0.15857750399658604,1.9075769008231487
47.15,0.1253876532699159,1.3222393270234527
47.2,0.12134696982876271,1.4706031068084875
47.25,0.09904665562802364,1.1793655817708044
47.3,0.10203487893233806,1.1870847529745965
47.35,0.1106385504752569,1.9569171606334352
47.4,0.11883409586649543,1.4660428916981774
47.45,0.1441367947061965,1.5272880913743783
47.5,0.11535195134275242,1.3114550383837482
47.55,0.10415893662326867,1.5537843144712729
47.6,0.1090924953099619,1.1032387681093079
47.65,0.10009227756478142,1.745315613410365
47.7,0.10262661020692004,1.684830733795993
47.75,0.13554621380788398,1.5689068324466318
47.8,0.10049324847631042,1.8756278186360145
47.85,0.0995218737100206,1.6888070869591298
47.9,0.11619503647203264,1.424975102289093
47.95,0.1338127241937283,1.4077469411971237
48.0,0.16161347925764336,2.0112937610851387
48.05,0.11360508048255778,1.4690984600549706
48.1,0.1066317014239126,1.2822198552065274
48.15,0.11972785857345251,1.689320066711384
48.2,0.14013589933741472,1.857684021226424
48.25,0.10005292245408613,1.0278497472795038
48.3,0.1118025962498635,1.3006363094796896
48.35,0.15091922721889175,2.1181602432258546
48.4,0.12012901554406136,1.2645002712385363
48.45,0.12497479339215024,1.63520144417001
48.5,0.09847415862426356,1.1338317770545865
48.55,0.130494418775701,2.011505604159634
48.6,0.11546174520438206,1.232763613497255
48.65,0.12981935904312902,1.3192058614850963
48.7,0.11762991204503996,1.3721332950472565
48.75,0.1063698266952559,1.1710983883656145
48.8,0.09907816456303611,1.3351294528105722
48.85,0.1242493379752487,1.3996639211253057
48.9,0.1053823118674377,1.904465590571524
48.95,0.1323691851069341,1.8174599744841886
49.0,0.12353264838404213,1.4328490194565373
49.05,0.11917239210201704,1.8639068878561211
49.1,0.10320519780635447,1.2718906385014268
49.15,0.15997436919868527,2.622916081231688
49.2,0.14130630459388477,2.564058276709574
49.25,0.14520622206090633,1.782478318428928
49.3,0.1101353776818485,1.4834094104264488
49.35,0.11596737704549395,1.9743266620412894
49.4,0.10907214500027257,2.0103849409678087
49.45,0.10948775411850267,1.2406643512222069
49.5,0.11961995616866535,1.3877807511239084
49.55,0.12518152508229016,1.7494299642623194
49.6,0.14013344544930711,1.600256388169647
49.65,0.11862940215978979,1.2723890689999011
49.7,0.1478333071101069,1.6862354521246157
49.75,0.11551584789338021,1.4008051399361425
49.8,0.10984151623655551,1.2860408092540343
49.85,0.11574274886235725,2.4398511766690048
49.9,0.13399364814945477,1.4896347784663542
49.95,0.1702124556156627,1.7796266487466441
50.0,0.1190689419118525,1.6528742831770198
50.05,0.15327366530124512,2.2887340696509373
50.1,0.11126138265440216,1.8523949610487593
50.15,0.10609341361152139,1.4197533151581938
50.2,0.14826250679239525,1.9248743431757565
50.25,0.10609930572547728,1.7049175018146456
50.3,0.10007571924058956,1.3081847036853231
50.35,0.10460704337850803,1.1842780548909377
50.4,0.16870661631678424,2.5640380873149975
50.45,0.10814020973570122,1.1103416024616495
50.5,0.13511140175279898,1.6949571551754965
50.55,0.14434243102461802,1.4942378900617401
50.6,0.12187281474577857,1.8739497327861607
50.65,0.12276196388276879,1.870762561852544
50.7,0.13816444457557636,1.722038963042801
50.75,0.16007943809786054,2.6951470114231726
50.8,0.15688140723276486,2.2458312735927604
50.85,0.15523233482325227,1.8508086547736915
50.9,0.1797574000503593,2.6261311209503075
50.95,0.17277311142978702,1.8084416784027388
51.0,0.15510948839544364,2.1999987152461733
51.05,0.15984040114213283,1.8364328987580856
51.1,0.14913880696778456,1.7467631923716864
51.15,0.14355866015365631,2.0781629959479826
51.2,0.11951768805045875,1.5365481678766466
51.25,0.1292839199677639,1.3081996891583676
51.3,0.12932743531388396,2.1523637943643332
51.35,0.13012597371651718,1.554084742720085
51.4,0.1071855964366362,1.1461069135283675
51.45,0.10801408650464497,1.5559874268951588
51.5,0.10840212764687984,1.7456635862217573
51.55,0.1443996688694985,1.5712673363206144
51.6,0.13838142484922827,2.014231819997141
51.65,0.1268102280565842,1.679583310163137
51.7,0.1175294262168694,1.3779801353796366
51.75,0.12039043186335253,1.3773554960164103
51.8,0.10921791913369777,1.7450601488470447
51.85,0.13580122953041565,2.255722093557725
51.9,0.1278068116246028,1.6980130233439197
51.95,0.12429621085268344,1.5596550631784578
52.0,0.12548246207955613,1.3649786852733952
52.05,0.09849598034395349,1.335025932668281
52.1,0.14282045109152047,1.472484297050183
52.15,0.14321613756135898,2.1386104944209547
52.2,0.10049067655450883,2.209901761125818
52.25,0.14419438322089034,1.4810954691487566
52.3,0.1114964077313697,1.6779766202312996
52.35,0.1465775962938595,1.492466669457632
52.4,0.10503176748629285,1.2496250743218895
52.45,0.10067443943948934,1.2183940326777272
52.5,0.11847159602439827,1.235796134020213
52.55,0.1553373929091276,2.4561474729035355
52.6,0.12350741925364467,2.082160536947147
52.65,0.11059612606549085,1.13845478755817
52.7,0.1216805804034613,1.887290607770181
52.75,0.11759491331585098,1.281051010526759
52.8,0.10674172329671308,1.877641243885161
52.85,0.1344329208070418,1.7533151922352963
52.9,0.13661480423416622,1.969998288835161
52.95,0.09949747623327802,1.1311905976275178
53.0,0.15211807116907639,1.60242711897532
53.05,0.10875994999036967,1.4901696236985806
53.1,0.14480422212237573,1.632932471792181
53.15,0.13000995612787297,1.5014354428772159
53.2,0.09923308544596803,1.9579483700851918
53.25,0.11335259428521545,1.2364947093242602
53.3,0.10112738504914032,1.6179166876638664
53.35,0.11618112049336216,1.3418119997024394
53.4,0.1188469643085806,1.9383977993369672
53.45,0.10248177391667965,1.2524453055850047
53.5,0.14905142678040534,1.9370756428447582
53.55,0.1307226441746536,1.3705010254166852
53.6,0.10383331077573367,1.2657677901772952
53.65,0.10725645948841488,1.568359953466219
53.7,0.11988191853601492,1.3833296521483973
53.75,0.12741074597237878,1.6178974447346373
53.8,0.10296107082303972,1.9866946914565287
53.85,0.10423327878700189,1.1311006739456422
53.9,0.14518716291270706,1.7044734678682696
53.95,0.10239901142352217,1.8115440227241084
54.0,0.10974665797141962,2.1386973245066514
54.05,0.13356212410855703,1.3972204860783584
54.1,0.11925374760596551,1.7216628424457627
54.15,0.11462990205855914,1.181905131937628
54.2,0.10050174519768006,1.7641238670385344
54.25,0.11982542195538004,1.4111444803594588
54.3,0.10387149156803466,1.5716003112040795
54.35,0.14204413344559275,1.6299584488852386
54.4,0.1250287586645454,1.8204135793815652
54.45,0.1181564222694702,1.5027470667043912
54.5,0.10170076442205324,1.3338149570103588
54.55,0.11203978353521248,1.3075661184946366
54.6,0.11626689730312186,1.549768933207107
54.65,0.11349787573238787,1.6620963964331152
54.7,0.1041519177664475,1.8069211684990667
54.75,0.1078386622749943,1.4833835257934826
54.8,0.11699751731909401,1.5529654838666958
54.85,0.1046389222673906,1.3247356187592592
54.9,0.11984973186998725,1.4740991168206805
54.95,0.13078032533951128,1.9953494641575356
55.0,0.15226800330947585,1.5669333949568
55.05,0.10291269802263492,1.086582277941214
55.1,0.12310745366787726,1.3355105968909846
55.15,0.10651025640496299,2.4579440349634236
55.2,0.1054106716403449,1.389200115484653
55.25,0.12023739248127771,1.3057899564483484
55.3,0.1043896290453591,1.7168436472992026
55.35,0.14270356448172306,1.9208617236219867
55.4,0.12876646204199893,1.9377096074798392
55.45,0.11042256551558031,1.696771575033604
55.5,0.11123762382694102,2.087623750966957
55.55,0.10738382652755331,1.277932472049037
55.6,0.10528182928436718,1.4169457631535576
55.65,0.10456611533333954,1.2289670930417878
55.7,0.117536410176989,1.3413150265371478
55.75,0.1034656914815751,1.0398580768148766
55.8,0.10556454456992083,1.4130501048784136
55.85,0.10938002859370627,1.2899586953164008
55.9,0.13292577368442351,1.5670783078374682
55.95,0.1319885044104433,1.651843358020677
56.0,0.13201211338152105,1.7226601153457881
56.05,0.1307551600594143,2.0681583930539738
56.1,0.129656239068754,1.7351754693959305
56.15,0.11036956920918033,1.258256646670291
56.2,0.09910238479586811,1.1999236610594755
56.25,0.12999156123553673,1.9431776839995192
56.3,0.12356085114302383,2.559986328411542
56.35,0.14622149122927408,2.0735166834231453
56.4,0.1262514246761062,1.5122695433289577
56.45,0.10945949776062552,1.3113014325993562
56.5,0.10577604431676867,1.4875914427715953
56.55,0.1494345232289,2.2084023506733423
56.6,0.1513502575362457,1.807120772851648
56.65,0.1251517849306169,1.3135447418639683
56.7,0.09942441548490147,1.31055059489886
56.75,0.11226940156754805,1.396056188210575
56.8,0.15341687297641504,1.710110945448891
56.85,0.12572211873505806,1.6743537272104674
56.9,0.1676571576996176,2.6784754994198074
56.95,0.15222362924220628,2.2673996747986953
57.0,0.126106941327792,1.5655431734248784
57.05,0.14593638759955802,1.474931151133886
57.1,0.15603595522341743,2.516100946278437
57.15,0.11881978141370558,1.9456212248791165
57.2,0.14784531183178418,1.68408725049059
57.25,0.11467090286752919,1.4346071842897201
57.3,0.12700302377727893,2.134517905447915
57.35,0.100868918562359,2.0515362935922665
57.4,0.09966283757379236,1.3515491729974054
57.45,0.10674121151366543,1.237221550608011
57.5,0.11823090828644933,2.1929690135401256
57.55,0.15791504500141798,1.9723653342029084
57.6,0.13101877837168588,1.538036142789683
57.65,0.10138888870999527,1.475911364886973
57.7,0.10577238148882645,1.3599786651496868
57.75,0.10751771100233397,1.744584605175604
57.8,0.11929447333525409,1.7406880974559373
57.85,0.11729536924334362,1.6143181930564223
57.9,0.10862995612013415,1.2679663673792203
57.95,0.1282912601599519,1.3570182245407192
58.0,0.1217610350512272,1.937194215251827
58.05,0.12897404650293828,2.16956961663654
58.1,0.10626482048804393,1.144863914429731
58.15,0.14216693406892647,1.5283597351154552
58.2,0.13083160477442243,1.3378961122535833
58.25,0.13071709231441003,1.311709077649182
58.3,0.12516832186597893,1.4397326357602185
58.35,0.10854987039200364,1.3245387129689252
58.4,0.11661063302754143,1.8350845102783286
58.45,0.13872719473147288,2.020418890387345
58.5,0.10861379021610208,1.1904365886780617
58.55,0.10815358730337533,1.6773334573390581
58.6,0.17432189411122015,2.364742728178559
58.65,0.16877038859287574,1.6902515095588466
58.7,0.1365956913160671,1.8520201867710417
58.75,0.11377005863035021,1.4438799051433553
58.8,0.12065359808426969,1.5813977037576343
58.85,0.14708286013790287,1.555718458007976
58.9,0.14630288430887392,1.7316432589525048
58.95,0.13119590291198613,1.4674850363120961
59.0,0.18211755239352467,1.8313869930510143
59.05,0.14157134539173957,2.1477249971366716
59.1,0.22153432883814583,2.6808870576968973
59.15,0.17923493119300676,2.084814046334487
59.2,0.1688984296269645,2.177459081491408
59.25,0.13974819173556985,2.06650302275126
59.3,0.13886997052729613,1.4062339835361675
59.35,0.16875760230898498,1.871512987284695
59.4,0.1325476966121905,1.6901243623902622
59.45,0.18224863767891133,2.0519636312213647
59.5,0.15531726848358407,2.7503311534658876
59.55,0.2270104022569965,2.4977999456934272
59.6,0.16277930649892663,1.9416506581798538
59.65,0.13965597259753043,2.0825573174308127
59.7,0.14550955914132083,1.7360661403411426
59.75,0.16897512599927292,1.8170548660364785
59.8,0.14561989632062342,1.7932853061303164
59.85,0.14019670886065713,1.4803010371308953
59.9,0.1500110126777365,2.2348299030851297
59.95,0.13052011739361433,1.5354859498711408
60.0,0.14872797718900274,2.214789294649698
60.05,0.14849551935433028,2.0640330122592587
60.1,0.1398113040559442,1.4105443876662982
60.15,0.12578384290638228,1.4090137704484327
60.2,0.1430912741879949,2.611373022827914
60.25,0.1443382692272561,1.9094324182054554
60.3,0.1407226423810771,1.902920256842611
60.35,0.1999693633578697,2.4135053351567564
60.4,0.15227390878325453,1.780504641891328
60.45,0.13832206476614556,2.3200107701136363
60.5,0.12281272721915565,1.7069832185291016
60.55,0.14609303096857523,1.5246444697976071
60.6,0.13344976706345174,1.3519118157480365
60.65,0.1688989056605249,2.0369339671469486
60.7,0.10873710138090001,1.5987403068602788
60.75,0.1479802005455413,1.5475216779563905
60.8,0.1225196904560804,2.19041941398231
60.85,0.12969370246633366,1.8756478327236312
60.9,0.10464122336144561,1.1509530114278075
60.95,0.133700488030768,1.4625345563456786
61.0,0.15717072058719161,1.86333652050424
61.05,0.13084609612646864,1.6912477026507915
61.1,0.1178966597038493,1.4474011011832395
61.15,0.11732305591918954,1.3144213998776135
61.2,0.11529125957885375,1.3075987949644459
61.25,0.11261053370062991,1.7978079729852778
61.3,0.11369291875722506,1.2421205982955466
61.35,0.12347734230801521,1.600355895166074
61.4,0.11399573474671439,1.6540064704996449
61.45,0.12779626527286478,1.6864958585582919
61.5,0.15726871095202735,1.9519541909288196
61.55,0.1543527116236793,3.240157471307257
61.6,0.09999514538159476,2.246256137187802
61.65,0.11991126612926664,1.688020429276715
61.7,0.0987745659595159,1.0494470363500867
61.75,0.10485002840144765,1.3074222407097276
61.8,0.10231076239819219,1.568987325888711
61.85,0.10888912825714758,1.2831836022158547
61.9,0.1125508927609108,1.4192767519910043
61.95,0.13311264836093661,2.149727030150033
62.0,0.10618867085906754,1.1302053006299373
62.05,0.1370954029065034,1.8252520530710936
62.1,0.129081394476022,1.386780490279027
62.15,0.1122958598685321,1.414910396653593
62.2,0.12280372173562897,1.5211677310914327
62.25,0.1593401084833433,1.7242070232488182
62.3,0.10309013316081407,1.3820071803010907
62.35,0.15866733595404398,2.9771582770074154
62.4,0.1185024183565973,1.5342861380564201
62.45,0.11698235492580075,1.428998401208168
62.5,0.1427479372591024,1.5162705330225876
62.55,0.13845162274803352,1.7249093922001202
62.6,0.10982130506391523,1.319255229862833
62.65,0.1075565917379369,1.438179608977374
62.7,0.13079834418232605,1.4744834603157118
62.75,0.11371559849142113,1.6116571706357872
62.8,0.13253980876468313,1.8825219794999728
62.85,0.09872441554066404,1.5951042339490775
62.9,0.09934468489923798,1.2985893623608435
62.95,0.16347059180011642,2.246370040249449
63.0,0.13372460184869417,1.5342731526333155
63.05,0.12204650524895398,1.3793742415055799
63.1,0.10864950664111149,1.1140852731246402
63.15,0.14159557864775515,2.2154342884504645
63.2,0.10074777531756604,2.142237638125528
63.25,0.15758145352259814,2.510987785646395
63.3,0.11590831603986029,1.4831203381924531
63.35,0.11856070124637007,1.195571395559605
63.4,0.13478021170584228,1.503327178248174
63.45,0.13897701243211447,1.7526613499249537
63.5,0.13318118615426444,2.2480760745739854
63.55,0.12970482398350758,1.4345201774724157
63.6,0.13171990668520744,1.7136808723880603
63.65,0.14219864606811541,1.8024006433528874
63.7,0.10392605861815174,1.838090692257773
63.75,0.13344002710703567,1.513031023741553
63.8,0.10484313585485176,1.158858839419273
63.85,0.15360803349136615,1.874842991060993
63.9,0.10712363542639405,1.1914424692860424
63.95,0.11355993928489488,1.5664261721955213
64.0,0.15939175155498544,1.70896857648381
64.05,0.1661245919123489,1.902305473249674
64.1,0.12991393156229075,1.47958714783295
64.15,0.15499725936580008,1.7640048257632401
64.2,0.11461696237589925,1.5837779285366334
64.25,0.12412007667041389,2.001119489976849
64.3,0.11410353904243181,1.609144210237886
64.35,0.13089948850127142,1.4171490756819163
64.4,0.12846025983310935,1.8902917979911118
64.45,0.1098723558726292,2.173165599059611
64.5,0.141770548076381,1.4437672947173499
64.55,0.16893881015650836,1.8300563917555437
64.6,0.11656814341192762,1.4662533105558793
64.65,0.11200287105223515,1.7179673547063534
64.7,0.11477094232580265,1.2852347276949172
64.75,0.13322162373560037,1.9187535765771342
64.8,0.10403715124635084,1.5853186779564075
64.85,0.1266121056484175,1.2788862033532966
64.9,0.10707807636282302,1.1994063101928674
64.95,0.1377357141353375,1.918310593241562
65.0,0.12302450616414495,1.3671450796634448
65.05,0.10131253394430499,1.5811703064050437
65.1,0.13222500643622148,1.9905158421364226
65.15,0.1344437564296681,1.9113472188947653
65.2,0.12194052909246388,1.452839273331638
65.25,0.12662016227772613,1.8805789963647142
65.3,0.09945718854422475,1.2353175939386616
65.35,0.12699742473411726,1.644738596611519
65.4,0.12276985171115389,1.425943412136163
65.45,0.10168577732408124,1.2118025972258475
65.5,0.13990952863091607,1.6554570261286021
65.55,0.11603502473697466,1.445316572081949
65.6,0.11270549777314892,1.6537825142148654
65.65,0.1325182458930234,1.553940112338755
65.7,0.16695368363559648,2.143243044187255
65.75,0.11651426187632508,1.9922650669989501
65.8,0.13733829064209233,1.757167256698057
65.85,0.16103012020184249,1.9265494189587764
65.9,0.10648519414347013,1.5074494657297612
65.95,0.1463363080439897,2.255407741079991
66.0,0.11100320546578923,1.2100979138869477
66.05,0.10026749560927964,1.0822677906574472
66.1,0.09909192114794066,1.0478740398339743
66.15,0.1152820435940523,1.1587084219419197
66.2,0.11979926167758953,1.1996965289290291
66.25,0.1329192701301134,1.8135061403353938
66.3,0.10037187932290993,1.1180896094730841
66.35,0.12434108575657138,1.3109859928741336
66.4,0.1433804642611693,1.920935986720737
66.45,0.11123416390732929,1.65369041603274
66.5,0.13049648073471476,1.4457366184413933
66.55,0.10149737118798192,1.5962545258711827
66.6,0.10452487237255091,1.4059302367437658
66.65,0.11350437773238534,1.3045126565345833
66.7,0.10475833810171732,1.6022129094469182
66.75,0.1445412078736335,1.5683601622075711
66.8,0.11037654536930058,1.2340263980849366
66.85,0.14823728692136146,1.9088566441989199
66.9,0.16581649511736357,2.1985068850982836
66.95,0.111247801712133,1.51698310416525
67.0,0.14106948668652686,2.205013031365061
67.05,0.09941694160558673,1.2292701704071891
67.1,0.1505123462728265,1.5277527896972734
67.15,0.11979365808005141,1.4812946323893144
67.2,0.13606404707110858,2.0423953057765742
67.25,0.10063494510651545,1.2648104867172143
67.3,0.11580391946168027,2.190742023301701
67.35,0.11173027715688565,1.1366874349272902
67.4,0.13547014364179372,1.3727695347452245
67.45,0.12434628244684241,1.4834815064536688
67.5,0.11308268782165848,1.34265162038774
67.55,0.1079752614731068,1.083039742899147
67.6,0.12816721587209265,1.4796605287648759
67.65,0.1348008610526345,1.835304340853187
67.7,0.15381099654065025,2.1696867203444103
67.75,0.1103416257031837,1.1554100450431868
67.8,0.10138094120603361,1.3831560114133876
67.85,0.1098491434344302,1.5888392812708299
67.9,0.12998548696884107,1.581693841363998
67.95,0.15556165323186946,1.9327438231580707
68.0,0.12107820363985586,1.6540177660168411
68.05,0.10325811696092345,1.4457539289018928
68.1,0.09885601767121312,1.2859277605644879
68.15,0.12520657158380222,1.9666811687208834
68.2,0.1233133407537731,1.5079478888548332
68.25,0.1205345488669154,1.2699523766434486
68.3,0.10634143246814569,1.1169071227085512
68.35,0.12083158506325525,1.7876756519664334
68.4,0.09863966038102177,1.4087234357995682
68.45,0.10331344969781243,1.3439861975466674
68.5,0.13627508448353803,1.4104114664207839
68.55,0.15432827645458552,1.924516956438879
68.6,0.14246034424883008,1.6926683910449978
68.65,0.15246488295715438,1.7667130404428757
68.7,0.10675265067007236,1.3860762470220749
68.75,0.13498726437949415,1.648413201443963
68.8,0.10848821650315374,1.639746250208926
68.85,0.10737288410872602,2.108310571614215
68.9,0.10514516271027934,1.4821546035269537
68.95,0.11711700993457186,1.9467529866870688
69.0,0.09863498955615141,1.3349680607784027
69.05,0.09873057442853074,1.5171698841854857
69.1,0.12363949516438319,1.475323201421192
69.15,0.13954394261353753,1.4722770413560462
69.2,0.10530571176661291,1.351466845547316
69.25,0.1746350729687519,2.005652027917119
69.3,0.1421740719579321,1.633245954945933
69.35,0.1185230273858351,1.7089717126652557
69.4,0.15676415331299387,1.6519496264424818
69.45,0.2093190403565691,2.221955279472807
69.5,0.10553928757056022,1.2025731207673762
69.55,0.130742904908068,1.3487128647717357
69.6,0.11018068183098181,1.3183317616985506
69.65,0.1877444670422002,2.540179660176621
69.7,0.1075191510302429,1.2849724094395103
69.75,0.11654082292704684,1.2214291103192518
69.8,0.11434836913765564,1.5396666770880847
69.85,0.11283815555715605,1.6418763833255692
69.9,0.12350076796572633,1.3891770140833557
69.95,0.13406113469718633,1.407328374645928
70.0,0.16864628761106928,1.7585419707241883
70.05,0.12283104897338619,1.7837356824142994
70.1,0.14219289211812455,1.7998861283899523
70.15,0.12729092705597583,1.7695502462981014
70.2,0.10692282379270504,1.4207236266032321
70.25,0.10064653696138769,1.2393695562849807
70.3,0.1022835247531459,1.4734663910905663
70.35,0.10175951738886627,2.150242628928008
70.4,0.11795079561290604,1.3107508734882574
70.45,0.11887694220022384,1.3289499985541755
70.5,0.10015162765384754,1.6342863547164788
70.55,0.10609259945733399,1.6024524395259052
70.6,0.1664737665382881,2.1106888912511037
70.65,0.10469415322778985,1.4007914113297668
70.7,0.11404285573460453,1.2005414755857038
70.75,0.14558323132514395,1.5803720771555239
70.8,0.15543004164635868,1.740970835424633
70.85,0.1207555636276326,1.4705137850138406
70.9,0.1373547387441086,1.6125053247295595
70.95,0.11343930638404195,1.168863338836895
71.0,0.1090394423163,2.068498482554328
71.05,0.11473008788478622,1.5792340453725828
71.1,0.150045148358813,1.5225237031600625
71.15,0.10923630379264132,1.3237253954064856
71.2,0.13069519631725726,2.4007138786523674
71.25,0.125202063750111,1.583567426092632
71.3,0.1476986344775078,2.0350286255124246
71.35,0.12633357348028562,2.290748652254975
71.4,0.15181436666378795,2.329555163904073
71.45,0.10776749761807045,1.9633581948853835
71.5,0.10463968288525663,1.1689047644974637
71.55,0.16227739006162092,1.6640555051529209
71.6,0.1521918390690443,1.6160649375335816
71.65,0.10898626229600883,1.4399811000001266
71.7,0.1320305315405839,2.4990657150813576
71.75,0.11544482747150839,1.9190227849274994
71.8,0.11236695700617728,1.599035319061588
71.85,0.11523757962349233,2.071534653335039
71.9,0.11511719990271344,1.806202506893818
71.95,0.12098583993026613,1.6149004156539426
72.0,0.16198464026203374,2.3567099133056804
72.05,0.1254107560558909,1.9080136337474984
72.1,0.10451353781469067,1.9185122145286906
72.15,0.12298172315044831,1.7200595973881598
72.2,0.10867777098630553,1.246808863354014
72.25,0.1222814654366288,1.4487161141311842
72.3,0.1491434127736462,2.243812706907252
72.35,0.1262350411957426,1.4357434935381153
72.4,0.10353147006490215,1.291968925130567
72.45,0.10865404099080592,1.3569871384483843
72.5,0.09931047586049045,1.1683311144660657
72.55,0.13436802324925168,1.909026661575291
72.6,0.12853123607360686,1.6667587654744487
72.65,0.10996949878437905,1.1803402973914618
72.7,0.13532720020184294,2.050300034561469
72.75,0.11532685245078052,1.206012618882054
72.8,0.11937546715580444,1.4603650896447737
72.85,0.10337910277517208,1.4782275348172962
72.9,0.1005309963859884,1.7351067370404283
72.95,0.1176089705696636,1.8330472505630515
73.0,0.12623195021591252,1.3307940311214557
73.05,0.1497819064202981,2.506014260123882
73.1,0.11406451112102908,1.3144831708917486
73.15,0.1177734327363312,1.53399702108808
73.2,0.12103498321098935,1.249585231719003
73.25,0.10834075589183695,1.4177698697118235
73.3,0.10965473880869736,1.6588701721409778
73.35,0.15954712366813117,1.9788836312771547
73.4,0.14664519627284522,2.0551382211198157
73.45,0.10199997899763663,1.1645654813927622
73.5,0.10647578615565574,1.166442115224784
73.55,0.12777290304264685,1.7197150441097058
73.6,0.13924862588792788,2.010256278943245
73.65,0.1179149902993603,1.4844642798101064
73.7,0.10254820789146969,1.604633162992156
73.75,0.10377069886483856,1.3903830030827689
73.8,0.13191880029343211,1.4414431758009965
73.85,0.11920209547299909,1.7190523456582547
73.9,0.14125190288537007,1.978221302732802
73.95,0.09876647125092099,1.813267408520435
74.0,0.11205455613949059,1.2484139332941568
74.05,0.11674629951844756,1.185884173089394
74.1,0.1285558939425815,2.0308736548497297
74.15,0.14388834507529727,1.7035101621686437
74.2,0.10990660990443356,1.2182489020720961
74.25,0.10206934055710216,1.0725697895057218
74.3,0.10274297947560923,1.5232703482487355
74.35,0.14732196213208656,1.5078326440884409
74.4,0.11918207503386886,1.9546806768453124
74.45,0.11827097309433007,1.4553588256070742
74.5,0.10807929610223692,1.3416528150648304
74.55,0.1410640816016179,1.4488269682393653
74.6,0.11569305218186701,1.2954137827714158
74.65,0.10699225842089836,1.1015565032757524
74.7,0.14551262684731314,1.8395723334769618
74.75,0.11852237401605402,1.2093216642895956
74.8,0.1100948357505997,1.229746114218333
74.85,0.116055040457224,1.7317644090449422
74.9,0.1217739599780472,1.4392901536567264
74.95,0.14396201930600866,1.5988316098939066
75.0,0.11624548562132321,2.082395687461989
75.05,0.15078980411957316,1.6114944118243448
75.1,0.13930004221370393,1.600227762792908
75.15,0.1478733678088735,1.8827571006153372
75.2,0.10399457511862434,1.4554835672043636
75.25,0.1156677171940806,1.3361504789068488
75.3,0.1545882003465924,1.8589939025548632
75.35,0.11628733129574403,1.1958780014060546
75.4,0.09886731456639361,1.4960931117601288
75.45,0.09993332618957203,1.217227259049799
75.5,0.15827502249706688,2.2231813630892487
75.55,0.16269534174802996,1.7674171289692704
75.6,0.10612901852807682,1.7719629360650404
75.65,0.10726016402000232,2.12313811270397
75.7,0.10433166815038288,1.17585305907848
75.75,0.11773805175159874,1.4777330380859308
75.8,0.15611069231722935,1.6721266380068098
75.85,0.12412800427487716,1.3694518271662548
75.9,0.10410651441739216,1.7955018927186663
75.95,0.1281536786160534,1.73459766673647
76.0,0.1064873976837688,1.1252727706852739
76.05,0.1391365980377677,1.7970882384283016
76.1,0.10875613740516578,1.3736423153761863
76.15,0.13573966527304793,1.802582188198573
76.2,0.10892758538508648,1.3581590865382158
76.25,0.10068487935822552,1.1392637149682583
76.3,0.13362555685556798,1.8388251234163764
76.35,0.11373944868020905,1.9411006956165449
76.4,0.13712107951469893,1.4689335990463448
76.45,0.1031481918456817,1.5789073991082958
76.5,0.09943661478981684,1.7527545957136663
76.55,0.12584582914290748,1.5093625261778465
76.6,0.12574229895244685,1.3005528147233667
76.65,0.10199630725551884,1.1310545378277115
76.7,0.1405464316667371,1.666705846801967
76.75,0.12347587902229679,1.323040055597598
76.8,0.10509503751467007,1.2985219870933271
76.85,0.17838996175341043,2.0212025305102705
76.9,0.10167819797254869,1.7050994342548667
76.95,0.10386170753616467,1.6044584193454026
77.0,0.1369715921159051,1.9826570684892268
77.05,0.09910122316208232,1.5827686945225818
77.1,0.10722431879985042,1.680529048718686
77.15,0.15578306629915628,1.6958433259658279
77.2,0.10602277000579016,1.4337375475532483
77.25,0.0993845983691144,1.510607190037037
77.3,0.1295240600357338,2.864143298789993
77.35,0.11019263919991393,1.4230675732985845
77.4,0.1003582643920508,1.6046467282080545
77.45,0.14068138563143798,1.6453313983888385
77.5,0.13592963718600273,1.4178100997618113
77.55,0.17592256334020062,2.4911285865746318
77.6,0.14899431681783737,1.8240283011356218
77.65,0.11602295240045422,1.6000051315887265
77.7,0.13954673604889434,1.4809362241758965
77.75,0.11824473834488207,1.6991080916166776
77.8,0.10207484064617872,1.5116276881800723
77.85,0.11085278021442277,1.93639122276136
77.9,0.14685437422218117,2.2029537576575793
77.95,0.1582077239193678,1.7067351131758484
78.0,0.1496109497331678,1.885736777133504
78.05,0.10540044877340247,1.7268032701912865
78.1,0.12298273328250124,1.2431489468576469
78.15,0.10161596633728825,1.7047452130599707
78.2,0.13889969591097012,2.0700093537743998
78.25,0.1059203118266593,1.4267765429612793
78.3,0.12807922667839078,1.2884700714484885
78.35,0.11013039613136236,1.6137995954127904
78.4,0.11158601105391686,1.4016669116305602
78.45,0.11294421164658368,1.5023436153952867
78.5,0.10076209068422153,1.1665600109762753
78.55,0.1046457064683368,1.273870814227002
78.6,0.13354668622588656,1.5055269869574157
78.65,0.15138678479260015,1.8126611764640574
78.7,0.16578241966291732,2.3555754014647126
78.75,0.11254414360552363,1.4865220713552203
78.8,0.10196346376363712,1.9587537085447442
78.85,0.1402424175791842,1.8434862330606308
78.9,0.10852728074634234,1.4278034476200168
78.95,0.17627378979791603,2.5409273656481224
79.0,0.1197676888751894,1.636012828491944
79.05,0.13138095832561614,1.708657965326547
79.1,0.10225734703897138,1.7061254617065162
79.15,0.1119469174367981,1.5647675159066714
79.2,0.12482851719501403,1.7401595153763838
79.25,0.16175067719062364,1.7846093237410243
79.3,0.10918363652806085,1.821939201350348
79.35,0.11360833473037438,1.1938468164234781
79.4,0.15453658058877845,1.8239630858455105
79.45,0.11198063693420582,1.5050032046628774
79.5,0.10114977743293745,1.0602207254162217
79.55,0.15989305456215236,1.8979763160898608
79.6,0.11927890586729462,1.2433451815904446
79.65,0.12725463725515246,1.716058537664087
79.7,0.1325248753362605,2.2281601672227023
79.75,0.1154197935697072,1.602938535653285
79.8,0.144060063813769,1.5280459274645317
79.85,0.09954556690889448,1.2767380432102693
79.9,0.10669204665127587,1.566611155047703
79.95,0.18416151043319967,2.1788228831596044
80.0,0.11793289033665674,1.8566800682752107
80.05,0.10585447602347631,1.0686849337657884
80.1,0.11724532729286993,1.4961017372862546
80.15,0.10452024600635144,1.4956223324780173
80.2,0.15448274252386332,2.547553720541835
80.25,0.09973055015999363,1.659575216671609
80.3,0.12389727948502247,1.9540148985740302
80.35,0.13779445980572896,1.4095989246804654
80.4,0.102461711229523,1.15772589303013
80.45,0.10047570011944994,2.075641584085302
80.5,0.11565683745349839,2.227081597490217
80.55,0.17265643843407424,2.106983696585105
80.6,0.1312595601398315,1.5513260925135304
80.65,0.16815598734394743,1.7458376817785237
80.7,0.11639386400457288,1.4848050234254284
80.75,0.12275832681421753,2.139420404232618
80.8,0.10239861592758229,1.7877183774830923
80.85,0.11468100069065403,1.5443014187361606
80.9,0.1350842131509739,1.5503861379184594
80.95,0.09922762037057652,1.1183001300804098
81.0,0.14360046825081713,1.469752992419827
81.05,0.12917462965048981,1.7421330583141037
81.1,0.11034410113316866,1.8440064152866606
81.15,0.13615365439445043,2.087434452189314
81.2,0.12380164956988901,2.87682073784236
81.25,0.11508089971926652,2.567912474822296
81.3,0.11779725828010457,1.4554974290691303
81.35,0.10764921960194715,1.0804173858297121
81.4,0.14731574236520736,2.5147509284257685
81.45,0.13007512179383343,2.5943450996503
81.5,0.11864353347671594,1.4011154742060346
81.55,0.11742319068891917,1.690407416904467
81.6,0.12103936395879457,1.436516813190992
81.65,0.12877309293705075,1.5534955909375951
81.7,0.1558087272400957,2.5663972057828084
81.75,0.12271248967572267,1.698156943693528
81.8,0.12295084870214162,1.2659238831382218
81.85,0.13051301004389476,2.064469753521575
81.9,0.10625831092755238,1.4845979588744702
81.95,0.09885828353955387,1.3394664017921165
82.0,0.10009389325091199,1.3399289681527327
82.05,0.10432045038793397,1.197296803576155
82.1,0.12039673179766305,1.665778129001835
82.15,0.10878936141552,1.166695906188984
82.2,0.12234924607653612,1.7563476827922428
82.25,0.13150292980659004,1.6097602982007755
82.3,0.15724031540905564,1.7475565999525586
82.35,0.11400044385028488,1.7702683373225088
82.4,0.09891049569809131,1.7076279293430843
82.45,0.10927500788227971,1.094250257984697
82.5,0.11850729712170364,1.3291067370789946
82.55,0.13142422356575306,1.4325328604732548
82.6,0.1053204666647225,1.229208982070685
82.65,0.12484396324880391,1.509184696570025
82.7,0.09967182416567703,1.6383041723288088
82.75,0.11082656834750819,1.2204389297730847
82.8,0.12101841409324883,1.587183766499057
82.85,0.12042213002446626,1.413027932451929
82.9,0.12493051271615915,1.8779826731403446
82.95,0.12215464055952145,1.4141435287064794
83.0,0.13923490141402362,1.4088101466869325
83.05,0.10802964265938145,1.4385259886660908
83.1,0.1417270291602391,1.6091890005512979
83.15,0.1093023434664019,1.1116609293988453
83.2,0.1451895654340354,1.886603450832759
83.25,0.09966121027530891,1.3081063915331586
83.3,0.10833026681975197,2.307239204409943
83.35,0.1821834776848163,2.1408751913501924
83.4,0.12202991142489078,1.4462103130098207
83.45,0.14670239873160246,1.6947684339123226
83.5,0.14562651348835073,2.0973972813659705
83.55,0.12617547979251395,1.634056610076148
83.6,0.10376547031264287,1.3331337200356632
83.65,0.10382823962087086,1.2800210615472492
83.7,0.1281367516007687,1.678835744427425
83.75,0.10720239484257851,1.2760291136731772
83.8,0.12590966477711216,1.402229715272939
83.85,0.1363750358766933,1.455301833241215
83.9,0.14809973180462552,1.7388827289715698
83.95,0.11373291019135282,1.3533403674644726
84.0,0.14909814796776197,2.352027632844817
84.05,0.1689254662284685,1.9039217064645801
84.1,0.10348682589024871,1.2338313805484595
84.15,0.1122750313344508,1.1858960972636465
84.2,0.10240711619316516,1.3593859882285795
84.25,0.1361977501451175,1.6322198793253415
84.3,0.1243382671988014,1.9156368321942492
84.35,0.12265344801883944,1.505844722673516
84.4,0.14458215092460103,1.5337925933949095
84.45,0.1918022620982946,2.4566970809350277
84.5,0.12676413067288986,1.7395070787999394
84.55,0.11173339892612509,1.5934415940600406
84.6,0.11591712514042479,1.6400971525436716
84.65,0.10706528163481824,1.4541406698669996
84.7,0.14925929003277982,1.5356327081052081
84.75,0.1483100463036384,2.1150546989975627
84.8,0.10206699643083768,1.0615588666551299
84.85,0.1531626129195543,1.7050211970678126
84.9,0.13215425597053138,1.6407870903191344
84.95,0.1366822828348152,2.049536228303009
85.0,0.16327135706310172,1.8725084433212242
85.05,0.13064865151346583,1.8541843084209946
85.1,0.10232849006975887,1.136014487763766
85.15,0.10063412418534937,1.4571458939681654
85.2,0.1360435019773552,1.388306803111881
85.25,0.12426443726435234,1.9356311663004009
85.3,0.09998864747525077,1.389443218716485
85.35,0.14223791138843617,1.7749601622790843
85.4,0.15963645559086362,1.9152317085281412
85.45,0.108323150666251,1.217355754360472
85.5,0.13238281495976711,1.564202193457783
85.55,0.11982859848273866,1.9939146211259966
85.6,0.10941184339129127,1.278782793185107
85.65,0.12055518581441772,1.6196327736161376
85.7,0.10003876460415924,1.1931730073570337
85.75,0.108817948002535,1.5477852605136773
85.8,0.10177387376469091,1.7327207895215575
85.85,0.1544000350291912,1.6563583558766568
85.9,0.14150067817079615,1.4572008637791356
85.95,0.12752745830820142,1.5195660015073496
86.0,0.11032499238577824,1.691421489995958
86.05,0.13663935657142584,1.5392119582085904
86.1,0.16392849853271052,2.1624998062845613
86.15,0.10225246303217918,1.1555107053890155
86.2,0.09921312733876313,1.3045015116485565
86.25,0.11262326330801825,1.154023573644239
86.3,0.15300224488536773,1.9569624085665533
86.35,0.14265951123898093,1.4344596879361375
86.4,0.11284092468592696,1.760352636507632
86.45,0.13408325085034842,1.7673086902917698
86.5,0.12418695300475366,1.3201572441861316
86.55,0.10808429729885004,1.652884935681236
86.6,0.12959546404088237,1.4438738085452172
86.65,0.1325727449548355,2.521061692705297
86.7,0.12726588524719928,2.6209702155643404
86.75,0.09963506321728477,1.2097098075308854
86.8,0.1102288530010257,1.9317676600602036
86.85,0.12807985484328693,1.439522464815259
86.9,0.12347566197164034,1.8086791744108517
86.95,0.15110133832585843,1.5357887062409443
87.0,0.15327391677739255,2.5400567692776774
87.05,0.1126340437263244,1.4879017267710242
87.1,0.11066190502028113,1.185528128809324
87.15,0.15912314916473982,1.7013868762133013
87.2,0.13822223322705673,1.3931413668596229
87.25,0.10197392219687273,1.1167951082115306
87.3,0.10443538926296982,1.1909708221130595
87.35,0.11427433085549826,1.3217742400178443
87.4,0.09880836507668013,1.216955856912788
87.45,0.11223876230332758,1.4603372563192654
87.5,0.14299353832444073,1.4709062435832831
87.55,0.10778033798556039,1.2931602666137443
87.6,0.10112502499926125,1.8644791134751897
87.65,0.12840975583554662,1.8702829880615601
87.7,0.10337263306524618,1.9757894403231782
87.75,0.13861906637477037,1.6798133948282958
87.8,0.14317499381094148,1.453931248537383
87.85,0.1312822657002243,1.5323167002765619
87.9,0.10939849825898568,1.1084098002862246
87.95,0.13578768824129508,1.809198895150312
88.0,0.12739481553499163,2.182721461683739
88.05,0.10883426272627311,1.471810973789781
88.1,0.10845301820270836,1.0933935041608296
88.15,0.15283883851225738,2.0683743333640687
88.2,0.11761623466443413,1.5363288802704795
88.25,0.10497557110955244,1.6216107336693724
88.3,0.16855659085322894,1.8461150121741494
88.35,0.11491666889550144,1.1523238365242816
88.4,0.10933475565237565,1.6454418141178313
88.45,0.10894984319823746,2.0241613271856687
88.5,0.11124771880662614,1.885495143716116
88.55,0.11511731069530688,1.4770266169989523
88.6,0.12588726408445994,1.5596006021572049
88.65,0.1547461643911669,1.5586161328638868
88.7,0.13031706636875107,1.4529045934064713
88.75,0.15415817573308632,1.5593106702938564
88.8,0.11807144163315629,1.4842540187434483
88.85,0.14082200550175875,2.583612843445981
88.9,0.14598620798433565,1.8317155647354468
88.95,0.12845823610021703,2.0035019641160057
89.0,0.1559454489305891,1.6144663936642065
89.05,0.12571368911481906,2.2068192083321168
89.1,0.15411371431003593,2.4487610991297597
89.15,0.12144738228151343,1.3379145011344447
89.2,0.14044483390968443,2.2179874795249885
89.25,0.1451985575248204,1.5398949580556114
89.3,0.11831566475312094,1.2070405170958842
89.35,0.1441861947031859,1.997829023524647
89.4,0.14362346015548352,1.5437793467445122
89.45,0.14584047776382747,1.6694045340749604
89.5,0.13241553675079804,1.350857079823735
89.55,0.12673805824554,1.3741532906210312
89.6,0.16650877993083893,2.004896996793556
89.65,0.11909136526900917,1.3146449988126752
89.7,0.12851778304459882,1.4696225444763718
89.75,0.18431968023167145,2.3978064920841646
89.8,0.13047828158669583,1.5672274095066623
89.85,0.1925396441284854,2.5056721122620518
89.9,0.1525132943763674,1.6843138358571952
89.95,0.15744350962943568,2.0738951563736934
90.0,0.12226861547305626,1.4734458774507757
90.05,0.11344480339051906,1.544045042131929
90.1,0.11637811615471327,1.444841615424207
90.15,0.15321424687713553,2.3326668053000805
90.2,0.11633246495727573,1.5482179907702018
90.25,0.11544228965967127,1.798469566990648
90.3,0.14068441164982132,1.682519741349639
90.35,0.13138819925985268,1.7620581717058816
90.4,0.13602260400661584,2.316386739914453
90.45,0.1365409734081401,1.664795555138019
90.5,0.120854956453414,1.2961547174071408
90.55,0.10332120506279979,1.5952356314558171
90.6,0.11566467342853674,1.2491096162741673
90.65,0.11813060481532713,1.8757217029116133
90.7,0.11077399655313272,1.243442084721962
90.75,0.12488211796262468,1.6272632089038033
90.8,0.17957620676154235,2.155934235934
90.85,0.1337313882714337,1.5131171980728848
90.9,0.11592484720803764,1.9816118322707466
90.95,0.10240294924686417,2.329690512300167
91.0,0.11247858922360587,1.1518593496606642
91.05,0.11677716367656452,1.6635337987401955
91.1,0.10138656293107459,1.3728549779700634
91.15,0.12147738876764314,1.8542538442925658
91.2,0.10582859943929428,1.3763103519460014
91.25,0.11018637028738605,1.2820563371842195
91.3,0.13722061396197652,1.466194522404175
91.35,0.10046587315164066,1.7990453861651634
91.4,0.1304595520265232,2.437756468841685
91.45,0.10341511883304226,1.1517487611954844
91.5,0.12467168336171963,1.3098848759789432
91.55,0.10897988587712122,1.5702402947645935
91.6,0.1431380433135856,1.7154771971257285
91.65,0.10475287224015868,1.438031623053639
91.7,0.09902486585396458,1.118906352793025
91.75,0.12257699933877778,1.4402367122271347
91.8,0.12690994892797616,1.4357328126255444
91.85,0.10517847683579051,1.2847500048369238
91.9,0.14712412748689052,2.410454762156833
91.95,0.11345405339493844,1.1593438417187225
92.0,0.10270566019817351,1.9703421468548676
92.05,0.11520734755614895,1.4753615860984866
92.1,0.12112708341732151,1.4539746282254338
92.15,0.1259538595343364,1.617693517780133
92.2,0.1415983045819085,1.4951953429529248
92.25,0.13208191955222148,1.4779323842116963
92.3,0.11269563956418346,1.2258266990689848
92.35,0.1029808134674914,1.5222989718411126
92.4,0.1245515389084041,1.8352706523749958
92.45,0.12227584087899884,1.6192674222822447
92.5,0.10940569750152472,1.9335875606873059
92.55,0.10669323561701323,1.9930014487081067
92.6,0.11270437751294511,1.5693770410923729
92.65,0.15063747310243103,1.5303462635231053
92.7,0.14314578706221567,1.4495509856834794
92.75,0.13131175199385509,1.5018557760934172
92.8,0.14794319610841145,2.1293428140254895
92.85,0.15976962376411052,1.6153137859251807
92.9,0.1432118771121091,1.790226895625237
92.95,0.10371913821441175,1.5555912297981815
93.0,0.09991282699967069,1.3845621291917163
93.05,0.10592117398588084,2.0928267764591952
93.1,0.12474389608961389,1.3195504475361055
93.15,0.10440308117185904,1.4974511194545286
93.2,0.11277250225848649,2.018380116712867
93.25,0.1160574990191815,1.9858486653013396
93.3,0.1012703335167433,1.5320255452910094
93.35,0.10541217580451614,1.5036495895760023
93.4,0.13851781807842986,1.9099038260108214
93.45,0.1479996493945434,1.7835840453429426
93.5,0.10605394485312888,1.546295106831522
93.55,0.12165248035732439,1.5333046554430456
93.6,0.09963740997249995,1.0565224635219193
93.65,0.1335346996861714,1.9782912094341627
93.7,0.12941896118846202,1.5087382198254162
93.75,0.11728579262808458,1.3423758574978994
93.8,0.11606896681203349,1.630154318666447
93.85,0.1267096873210658,1.5675645297867808
93.9,0.13238494793139408,1.5956140950036681
93.95,0.13095964585950182,1.3561672183737992
94.0,0.11013097548859102,1.373084486669432
94.05,0.11559435441083295,1.4401570930949563
94.1,0.1470177309952994,1.6867956440220653
94.15,0.11638463283857242,1.7622199751280894
94.2,0.15419084546561732,1.8209001704497956
94.25,0.12160915280846613,1.648064169846374
94.3,0.12959439207251205,1.4118592320650165
94.35,0.11873605084237507,1.6224728112160518
94.4,0.11089663501434396,1.4275521718118096
94.45,0.1144179486109956,1.6792932794451787
94.5,0.1224419972894362,1.935485060048904
94.55,0.13240225507969014,1.8172266343551615
94.6,0.11124146775990598,2.1616212425444505
94.65,0.1343040885478667,1.5125721921282533
94.7,0.10845600253268758,1.5043220854764878
94.75,0.12788761972319462,2.0013566353391457
94.8,0.13919076335947322,1.5805220563349724
94.85,0.10150817959131847,1.7500862612003665
94.9,0.12941102487962797,1.3984411525821987
94.95,0.10091960665714914,1.0899981017450873
95.0,0.11204016436864846,1.8503674539780508
95.05,0.1334862599138088,1.383509933077744
95.1,0.12761505813862983,2.5356335615911583
95.15,0.09807270917906839,1.472586647392976
95.2,0.10764604540107504,1.3924642869872583
95.25,0.12044833278995323,1.4818076175967287
95.3,0.1558508473842032,1.5808946479604808
95.35,0.20469072692524914,2.507738256972782
95.4,0.1255611760436537,1.568317403864981
95.45,0.10002596746377129,1.6231966695618105
95.5,0.16300253588012104,1.7637126566415513
95.55,0.10279915619866399,1.2594636886222828
95.6,0.1064911656564208,1.9106515192668778
95.65,0.10386267366117456,1.0541871704900951
95.7,0.11393010100787898,1.4403269820721032
95.75,0.10673048869763738,1.2242419044573474
95.8,0.10283451986748478,1.780119050759928
95.85,0.10224333844735746,1.4331651144218904
95.9,0.15007358564952505,1.7160986614745952
95.95,0.13332170581549824,1.4536177357702138
96.0,0.12831133081438845,1.7248543527171958
96.05,0.10154195129018895,1.2343067132433443
96.1,0.10252282368108448,1.1059668988673108
96.15,0.11978893539901198,1.5946210350965924
96.2,0.1130306554438626,1.402111761978957
96.25,0.1059630739805834,1.2131919892932719
96.3,0.17071283050687658,2.0774656533784657
96.35,0.12408239384009578,1.2604500767060065
96.4,0.1608417474575019,1.8231895287669782
96.45,0.12086948747852425,1.982662396646488
96.5,0.13027288224722383,1.3485097092029792
96.55,0.15732518520434488,3.1334322303301043
96.6,0.14518530107192115,2.3300028889461584
96.65,0.11596757100135033,1.563804445139017
96.7,0.13390360211507368,1.7475864487843618
96.75,0.14781167186864486,1.7903750630010058
96.8,0.19091062650465995,2.0711118645134747
96.85,0.15272215423382096,1.559981837101972
96.9,0.16346696672322186,1.7885457490893055
96.95,0.16752672764702256,2.100216601788711
97.0,0.14962765086463944,2.004266995662933
97.05,0.1831137249153837,1.839761706397984
97.1,0.16126706625209075,1.8460673963939922
97.15,0.1629821157973501,1.6713368013274326
97.2,0.15285353405004215,2.1090789758108857
97.25,0.17585710026545598,2.54307418267497
97.3,0.16910911989183736,2.279962133320367
97.35,0.17465036994088617,2.3298946451606035
97.4,0.1906921773527902,2.2300970434765928
97.45,0.17356746346802515,1.96667719802701
97.5,0.18985083084820575,2.8717168220352143
97.55,0.16110916355844201,2.026507661849292
97.6,0.18828837708453056,2.433088150090454
97.65,0.1667512684582823,1.9661290987677846
97.7,0.1605631507779538,2.1676091281461622
97.75,0.17534218580315455,1.9307769160991821
97.8,0.166770343905414,2.3097657670738103
97.85,0.17339786377472133,1.9872865591688966
97.9,0.13444977450451626,1.7643562161120758
97.95,0.12860695810268927,1.5231809197491377
98.0,0.12758133551342427,2.6809837671762344
98.05,0.18760677529755404,2.1756020091610653
98.1,0.1569399472200314,2.1320521008242457
98.15,0.12177758222457165,1.3339003233166558
98.2,0.13103394866000437,1.849547971352648
98.25,0.13553578146662779,1.9061167255863152
98.3,0.13299457379062835,1.6897935975375173
98.35,0.15249692332127343,1.8260187163217452
98.4,0.1090345760974752,1.2608656292123848
98.45,0.12559955559954938,1.3250516439716358
98.5,0.16643487897643117,1.756985086191147
98.55,0.1739021297880743,2.1271534099760467
98.6,0.10646759972210053,1.7048767235096898
98.65,0.10404187450361126,1.2303230818723607
98.7,0.14694019081516918,1.7361331336778207
98.75,0.10698598558729158,1.4425737588232401
98.8,0.13722875671880577,1.8983353060965005
98.85,0.14450356468403264,1.760066947823494
98.9,0.17645524733404538,2.7365073325873186
98.95,0.1365220064921153,1.5840884968119453
99.0,0.10034929940286932,2.1120386861605507
99.05,0.10064793179912308,1.4680110035432525
99.1,0.1097659342200418,2.4810843297579623
99.15,0.1393978638990235,1.47154749574603
99.2,0.14891050429343183,1.7376615546408687
99.25,0.11733668238163093,1.4081551957504348
99.3,0.10447074590156731,1.1989984476778197
99.35,0.1173998346364756,1.7322482842329752
99.4,0.12077754229342419,1.3070670739926658
99.45,0.10910084577574564,1.1328096569493258
99.5,0.1575476427748911,2.473673883402345
99.55,0.10762297892832842,1.714422209752202
99.6,0.17311089015447342,2.9140611687812905
99.65,0.1349276976406651,1.8592387833220219
99.7,0.11744601368979989,2.208677775117506
99.75,0.16586405689356357,2.134371436353239
99.8,0.11027142552124067,1.2192931680573857
99.85,0.15502602869758367,1.5658376281670252
99.9,0.129364334603897,2.0925305496559896
99.95,0.13784036146256326,1.7011247436707824
100.0,0.13454387854675545,1.8639743147854846
100.05,0.12398562442556553,1.731431794243172
100.1,0.1754774596350176,2.035258971882009
100.15,0.1419680938708455,1.677063698852736
100.2,0.12452804188045234,1.624778556440826
100.25,0.12453408919207297,1.4967662944693108
100.3,0.1480197578811499,1.8104761266563931
100.35,0.13647155875490782,1.8899623342073704
100.4,0.13512502985854372,1.719174406486373
100.45,0.1415266126919344,2.039288551300435
100.5,0.15490665355825103,2.195218275319408
100.55,0.16545059092296546,2.5392096731525413
100.6,0.14199859122286404,1.7818029751523325
100.65,0.15549049904826293,2.193751862712439
100.7,0.16325875366094322,1.9539131460554646
100.75,0.2028526112309436,2.289463796668912
100.8,0.15412603242811743,1.8131202196489165
100.85,0.15516749142661018,2.1919210923756762
100.9,0.1378157629878541,1.5841532286639215
100.95,0.1700612442555185,1.893247422230254
101.0,0.19877288185054187,2.6073738684550323
101.05,0.17259154549511746,2.331690367726686
101.1,0.1263895788192291,1.3094479920687947
101.15,0.17071566662034723,1.7161780638037327
101.2,0.12464899572974825,1.9617474697801511
101.25,0.17543097520207362,1.869087242987451
101.3,0.12147139423213832,1.419198232535546
101.35,0.1259663146434803,1.660573455008053
101.4,0.15119994887177435,1.9843955915188956
101.45,0.12067164929365727,1.2091820038748862
101.5,0.12156352716179314,1.4931159602357706
101.55,0.11165771541317714,1.5160311967502578
101.6,0.16997574963723322,2.742837759774676
101.65,0.11080136453823586,1.1587631177811575
101.7,0.11813522520307466,1.7723175045930437
101.75,0.11361748762253585,1.4908702797070212
101.8,0.10382535705485757,1.0446870034082456
101.85,0.16216692341800687,2.2517327102386604
101.9,0.13769952373480585,1.9167252467253428
101.95,0.14094581336259493,1.4157564803704055
102.0,0.13941254324154656,2.107128645655766
102.05,0.1185715257172486,1.3403939425386155
102.1,0.1073591136482932,1.1063945152786339
102.15,0.10552848723429924,1.4631395483130487
102.2,0.11312860753365427,2.0041678981061573
102.25,0.16701721736937625,2.0817468238005437
102.3,0.13522572297307994,1.4881202129577202
102.35,0.12104094331091468,1.4340387136410473
102.4,0.13348424096432318,1.4686373704325186
102.45,0.09967350856743305,1.1688819447909704
102.5,0.11607789285376668,1.4038914530563391
102.55,0.17115659770082403,1.8274192496226553
102.6,0.15641327337710637,1.802787374072056
102.65,0.11937248613146956,1.4553213903398674
102.7,0.12787951778172485,1.443789079537493
102.75,0.10162171528490326,1.4539222928307027
102.8,0.10192358563583293,1.3049061698833415
102.85,0.15707189221623025,1.6078391871832247
102.9,0.12343305233732303,1.614994490535293
102.95,0.11588562902883214,1.6711518069681492
103.0,0.13436033144037834,2.5237622560295154
103.05,0.13457902358572513,1.4860993595831453
103.1,0.13388787241685465,1.864393851181247
103.15,0.1400608970614488,2.329616459045015
103.2,0.1276122013141005,2.6939139201366835
103.25,0.12733038784369577,1.5906108915656076
103.3,0.11490404832490912,1.2312058831958355
103.35,0.1269828817691937,1.852455973665025
103.4,0.11433602355991841,1.2929859307555873
103.45,0.1585706615297633,1.8783497760235184
103.5,0.10836698449310646,1.5649619792669864
103.55,0.13690214371228882,1.57343445382646
103.6,0.147151017883012,2.5617640637402577
103.65,0.1075836036404506,1.420735660616583
103.7,0.10839784752660259,1.0960474791472108
103.75,0.11751947169205537,1.3826423715892007
103.8,0.10098318061278588,1.7731335995166115
103.85,0.1605563618349914,1.9807956463356975
103.9,0.12732911872308683,2.23705018381185
103.95,0.122791577126041,1.8649382252762776
104.0,0.12236118311505288,1.7657328515134791
104.05,0.11005231519910028,2.0417129743720515
104.1,0.1049794847072478,1.2425030697206227
104.15,0.15684685447039265,1.817315747672306
104.2,0.14259817770015878,1.6117873934380096
104.25,0.1831454847415579,2.0174644432023756
104.3,0.10695226049125438,1.198152272031442
104.35,0.12870900103120697,2.0721144817370214
104.4,0.12153952258076371,1.4882329420256282
104.45,0.13518843756992607,1.4216161670876284
104.5,0.10792201016596877,1.274420210581853
104.55,0.15347180701574847,2.2178723460287437
104.6,0.16564881354745253,1.7822830682340858
104.65,0.10677110346217272,1.46224191584625
104.7,0.12888448890341198,1.7514047833479476
104.75,0.11849349659788021,1.6801374953516848
104.8,0.1584845123569572,1.6223593534392486
104.85,0.13588978886675196,1.813124147562013
104.9,0.13864394646543907,1.607180196170558
104.95,0.10048596966598529,1.1441508019929914
105.0,0.13174628454145645,2.0611846203631257
105.05,0.12698257740987745,1.4428125405791017
105.1,0.1395273877850649,1.4359750505221203
105.15,0.12502081833714113,2.3632912651669677
105.2,0.10756226234656224,1.7495819123769887
105.25,0.09843235872422129,1.3832162019221779
105.3,0.13910424650550726,1.5055109536900262
105.35,0.10086509909269172,1.2477298835907602
105.4,0.1105072742689698,2.0032126490122506
105.45,0.10034836592556443,2.0138974863034167
105.5,0.09896578455183906,1.0560509025717644
105.55,0.11528745802491097,1.3145529587261309
105.6,0.10019288609979432,1.6772297010194008
105.65,0.1326508696766902,1.5480465174407263
105.7,0.10033840461417107,1.1718522083263707
105.75,0.1380538461555986,1.6957024074919718
105.8,0.12118985289280473,2.013234607855618
105.85,0.11008631067182044,1.1366773076556622
105.9,0.12148667510141684,1.6313193404041357
105.95,0.1390429339760016,1.5392694656554575
106.0,0.12049133119666085,1.4932286009396312
106.05,0.10146525743321427,1.2014686498601441
106.1,0.12840113268171907,1.5370361577930722
106.15,0.1361292649155724,1.453758140980949
106.2,0.14994244300641688,2.566332530326118
106.25,0.10129039202604591,1.658064550941512
106.3,0.10773640797268307,1.4410298496209781
106.35,0.14189333920852176,1.587420394006575
106.4,0.10913654536671584,1.717288515016743
106.45,0.10687560989477074,1.621992209439687
106.5,0.13158411795999897,1.5374265017494972
106.55,0.1692748323839512,2.0454201422550637
106.6,0.12960793089252992,1.622519471840038
106.65,0.09871147983315849,1.514085313638517
106.7,0.13746635501359913,1.57627006709052
106.75,0.12456896983944596,1.7992048956825126
106.8,0.09834812344148103,1.0722517632293282
106.85,0.1482539499653578,1.5708415163881988
106.9,0.11564548522698204,1.3324134729102162
106.95,0.11053993768358833,1.5811000561366624
107.0,0.10553543220466217,1.1669440690545982
107.05,0.11389594609861484,1.615829735951156
107.1,0.14150295024339649,1.84386331490417
107.15,0.11537166491232796,1.5993157359728478
107.2,0.10232693314573063,1.142289613935612
107.25,0.11284074708467004,1.5743652285938134
107.3,0.1167776437473656,1.4171467702924063
107.35,0.13750866268624695,1.7708779617555552
107.4,0.1169115197060713,1.5791438361995156
107.45,0.14371219121525697,1.4762864374290197
107.5,0.1311243460882374,1.7757709272198854
107.55,0.10451003820045365,1.2416828594872933
107.6,0.12138584516783338,1.643963224561345
107.65,0.11399462643750496,1.5387020975278862
107.7,0.13600480202221127,1.5576856423398837
107.75,0.12750060106252142,1.5646229528651452
107.8,0.1203889601928591,2.2606356034522195
107.85,0.12902914145142425,2.3877584584107563
107.9,0.13303169812932253,1.557653452151533
107.95,0.12167067656800477,1.848673753259034
108.0,0.13714231408421362,2.1642173678773484
108.05,0.10661341623901692,1.2282996640542836
108.1,0.13567464584960814,1.882032907203579
108.15,0.13859037429531434,1.7879739831734671
108.2,0.17390373448553514,1.7837970337401925
108.25,0.12050253239782499,1.8069115310179724
108.3,0.12839081084362614,1.4239194947655913
108.35,0.1091672108845015,1.358802445021288
108.4,0.1069279800965268,1.3507634531868478
108.45,0.11257622717752729,1.2044012408173685
108.5,0.1400242827695299,1.833457797517065
108.55,0.1376985911305224,2.022473824440194
108.6,0.10154743068258915,1.1594555808044644
108.65,0.1373034760437132,1.6394153837159373
108.7,0.125484862564325,1.4269391450821716
108.75,0.11544966568651094,2.0121928882305014
108.8,0.10048649198122296,1.046744937600909
108.85,0.10758542886871647,2.2005116292352387
108.9,0.1143577878100734,1.479115612388199
108.95,0.12379879224976681,1.724415883440447
109.0,0.0995156635447113,1.316306555453698
109.05,0.11137289314171538,1.3708117006992655
109.1,0.14223268735280425,1.4649733942919339
109.15,0.14141500365660992,1.8348994987712697
109.2,0.0986563023613923,1.0320536718225626
109.25,0.10459804935538587,1.207972694148983
109.3,0.09879046932061986,1.527219786972513
109.35,0.1133788182386408,1.6327781186228596
109.4,0.11870889770448709,1.4153627017271495
109.45,0.12917442256413,1.5556446580344958
109.5,0.11799413815827184,1.190766826858674
109.55,0.14315781283462148,1.790943778519242
109.6,0.13551715709647152,1.8073283575877621
109.65,0.1289143629194009,1.7658355325385222
109.7,0.11212939116477613,1.3051496932357236
109.75,0.10558688987048272,1.148116408306342
109.8,0.16482738569099625,1.8872198110638925
109.85,0.12997923348097895,1.8896561034905346
109.9,0.10580096768728264,1.1137724075426345
109.95,0.10306204564350932,1.2311195345441241
