timestamp,pose_error,rotation_error_deg,frame_id,window_start_timestamp,window_end_timestamp,num_keypoints,feature_count,num_matches,num_inliers,inlier_ratio,feature_tracking_ratio,tracked_map_points,tracking_state,lost_tracking,mean_epipolar_error,pose_optimization_residual,imu_delta_translation,trajectory_increment_norm,processing_time_ms,window_size
1403636580.9135551,2.769064148607951,114.37649562304433,23,1403636580.7635555,1403636580.9135554,1000,1000,500,406,0.812,0.812,406,1,0,550.6012570097946,0.0045972296127423,0.0201686660934612,0.1383944201968636,109.1771125793457,3
1403636581.4135551,2.7727378396612394,107.00910963077762,33,1403636581.2635555,1403636581.4135554,1000,1000,500,20,0.04,0.04,20,1,0,291.2481028017381,0.0031766248185771,0.0160311002737504,0.1090377828603881,75.6218433380127,3
1403636581.9135551,2.7869032063589505,111.31514790295194,43,1403636581.7635555,1403636581.9135554,1000,1000,500,22,0.044,0.044,22,1,0,360.6953667022405,0.0043695370410926,0.0202788530028932,0.1363863966931575,69.09704208374023,3
1403636582.4135551,2.8104580493631963,115.84026346276923,53,1403636582.2635555,1403636582.4135554,1000,1000,500,213,0.426,0.426,213,1,0,230.4904058120368,0.004974689078723,0.0227075505729043,0.1480291614255119,76.91478729248047,3
1403636582.9135551,2.7865145734077728,110.85355954797497,63,1403636582.7635555,1403636582.9135554,1000,1000,500,414,0.828,0.828,414,1,0,812.5258289605335,0.0041365160929642,0.0189076709839673,0.1306976227559474,73.34399223327637,3
1403636583.4135551,2.7847130260145283,109.49675554436834,73,1403636583.2635555,1403636583.4135554,1000,1000,500,133,0.266,0.266,133,1,0,344.5317036951059,0.0035133881248142,0.0182670751969367,0.1190290832048345,81.84504508972168,3
1403636583.9135551,2.8109318528232436,117.02055616018997,83,1403636583.7635555,1403636583.9135554,1000,1000,500,265,0.53,0.53,265,1,0,85.65219414087201,0.0051375211597923,0.0221239075590229,0.1465613568658682,85.57796478271484,3
1403636584.4135551,2.8035235130540856,116.67135230312427,93,1403636584.2635555,1403636584.4135554,1000,1000,500,113,0.226,0.226,113,1,0,875.9141794885492,0.0044791178704817,0.0213599577183731,0.1420568776618236,126.58190727233888,3
1403636584.9135551,2.7920806940074425,109.10986105415148,103,1403636584.7635555,1403636584.9135554,1000,1000,500,393,0.786,0.786,393,1,0,485.5591777013476,0.0027384939245274,0.0173803124492713,0.1310893688466111,88.52982521057129,3
1403636585.4135551,2.7829810193372304,111.97422525196004,113,1403636585.2635555,1403636585.4135554,1000,1000,500,50,0.1,0.1,50,1,0,889.0034161751671,0.0040988193881251,0.0197595179271878,0.114326078281909,88.15789222717285,3
1403636585.9135551,2.825225376212521,118.38794860063066,123,1403636585.7635555,1403636585.9135554,1000,1000,500,1,0.002,0.002,1,1,0,2076.9153648689407,0.004907116470786,0.0211671456207206,0.1476688346932926,82.52739906311035,3
1403636586.4135551,2.8668991600387472,130.50056737065648,133,1403636586.2635555,1403636586.4135554,1000,1000,500,4,0.008,0.008,4,1,0,1669.9388023347344,0.0045832186151357,0.0216663033579269,0.1423029360240078,99.31230545043944,3
1403636586.9135551,2.8685337235382544,131.60593482614004,143,1403636586.7635555,1403636586.9135554,1000,1000,500,3,0.006,0.006,3,1,0,186.80657029048336,0.0048558017190323,0.0218873892694434,0.1317521704671773,120.40305137634276,3
1403636587.4135551,2.8230086851151577,132.4284445358341,153,1403636587.2635555,1403636587.4135554,1000,1000,500,62,0.124,0.124,62,1,0,277.61391012579855,0.0044069638956272,0.0220322985823031,0.1279756408175998,136.20305061340332,3
1403636587.9135551,2.729365755164348,131.8597171699908,163,1403636587.7635555,1403636587.9135554,1000,1000,500,409,0.818,0.818,409,1,0,601.5693816615008,0.0048103650838078,0.0216536670445018,0.1274892875462802,81.21657371520996,3
1403636588.4135551,2.6918210669094407,133.63168563017777,173,1403636588.2635555,1403636588.4135554,1000,1000,500,0,0.0,0.0,0,1,0,100.12593002579608,0.0043589375513791,0.0223941098217074,0.148207505577044,70.79696655273438,3
1403636588.9135551,2.754456576382294,133.7608194477938,183,1403636588.7635555,1403636588.9135554,1000,1000,500,434,0.868,0.868,434,1,0,976.5299008282252,0.0037484787659661,0.0223930679550843,0.1338135771098387,133.00609588623047,3
1403636589.4135551,2.8821652369109034,132.51482886516453,193,1403636589.2635555,1403636589.4135554,1000,1000,500,349,0.698,0.698,349,1,0,2352.8463025350793,0.0035183511888799,0.0218034624060822,0.1472238918165757,62.94703483581543,3
1403636589.9135551,3.0195403516137413,132.3943806703986,203,1403636589.7635555,1403636589.9135554,1000,1000,500,448,0.896,0.896,448,1,0,351.06522516578235,0.0033274423662734,0.0217037038744125,0.2513479765371751,60.47201156616211,3
1403636590.4135551,3.059521783455115,131.1926897031147,213,1403636590.2635555,1403636590.4135554,1000,1000,500,39,0.078,0.078,39,1,0,0.0687240647721394,0.0038484155122693,0.0221778773150064,0.1335238591583433,76.24316215515137,3
1403636590.9135551,2.965821993344174,132.571250815708,223,1403636590.7635555,1403636590.9135554,1000,1000,500,401,0.802,0.802,401,1,0,249.37205653684617,0.0046689252651191,0.0219687787431853,0.1275040411002704,113.25502395629884,3
1403636591.4135551,2.852444482696344,133.38257714735622,233,1403636591.2635555,1403636591.4135554,1000,1000,500,211,0.422,0.422,211,1,0,787.6761438343267,0.0044154676674059,0.0216605054630087,0.129101130099664,69.0760612487793,3
1403636591.9135551,2.8014662624578053,128.1392082734722,243,1403636591.7635555,1403636591.9135554,1000,1000,500,14,0.028,0.028,14,1,0,836.2264663538186,0.0035733400197766,0.0214570350321874,0.1426317001209818,86.11607551574707,3
1403636592.4135551,2.7613153588263932,132.22453753197735,253,1403636592.2635555,1403636592.4135554,1000,1000,500,198,0.396,0.396,198,1,0,962.681784589258,0.0035684435440511,0.0219352351624568,1.3715411944920723,60.86397171020508,3
1403636592.9135551,2.6977789439097544,127.77862708668081,263,1403636592.7635555,1403636592.9135554,1000,1000,500,384,0.768,0.768,384,1,0,1269.284005334207,0.0034920530708999,0.0222260464816072,0.1440274103747434,57.75785446166992,3
1403636593.4135551,2.948939406626691,127.30522410739462,273,1403636593.2635555,1403636593.4135554,1000,1000,500,391,0.782,0.782,391,1,0,2010.150755250415,0.0039254998770053,0.0218894479556746,0.1303815691150532,67.96693801879883,3
1403636593.9135551,3.1081153038259695,131.2011041689753,283,1403636593.7635555,1403636593.9135554,1000,1000,500,348,0.696,0.696,348,1,0,468.6293291474202,0.0052357729248189,0.0221339896349087,0.1807785931976767,90.74783325195312,3
1403636594.4135551,2.971795240687675,134.33617715339847,293,1403636594.2635555,1403636594.4135554,1000,1000,500,393,0.786,0.786,393,1,0,2912.9336767042573,0.0048264222129847,0.0214659271081567,0.1229310638763448,137.7871036529541,3
1403636594.9135551,2.8826688590937,129.1726745218553,303,1403636594.7635555,1403636594.9135554,1000,1000,500,421,0.842,0.842,421,1,0,1568.0564124169914,0.0034652058814594,0.0226194951877687,2.538350964154095,69.93269920349121,3
1403636595.4135551,3.05873098639178,125.99021843250156,313,1403636595.2635555,1403636595.4135554,1000,1000,500,419,0.838,0.838,419,1,0,2229.740920334666,0.0041759858115795,0.0224501928135759,0.1380155010232983,79.07295227050781,3
1403636595.9135551,3.1286265049907964,129.32833732495578,323,1403636595.7635555,1403636595.9135554,1000,1000,500,365,0.73,0.73,365,1,0,292.9750049749281,0.0044529493156593,0.0214549508705829,0.1423063155535189,108.57486724853516,3
1403636596.4135551,3.25733791218433,131.85853948651953,333,1403636596.2635555,1403636596.4135554,1000,1000,500,296,0.592,0.592,296,1,0,1101.1525701672565,0.0045714010120923,0.0221833103797386,0.1381609855796175,110.8241081237793,3
1403636596.9135551,3.370289058844912,130.68981080537296,343,1403636596.7635555,1403636596.9135554,1000,1000,500,164,0.328,0.328,164,1,0,1075.0683273618986,0.0035296069987255,0.020182127608432,0.1361965215956129,84.65409278869629,3
1403636597.4135551,3.1419555944897204,131.28791734077922,353,1403636597.2635555,1403636597.4135554,1000,1000,500,352,0.704,0.704,352,1,0,719.337171947146,0.0041602206885283,0.0217193726853912,1.2975975495852108,69.11897659301758,3
1403636597.9135551,3.100444007874457,125.22247175430589,363,1403636597.7635555,1403636597.9135554,1000,1000,500,371,0.742,0.742,371,1,0,2446.1870749954255,0.0036972649564903,0.0224095932170782,0.1389732702613362,144.40298080444336,3
1403636598.4135551,3.255454724666627,131.81790487833078,373,1403636598.2635555,1403636598.4135554,1000,1000,500,430,0.86,0.86,430,1,0,59.77492710647651,0.0046140482288635,0.0206827130288388,0.1231775010420134,124.03368949890135,3
1403636598.9135551,3.1329028698989023,122.31036847556106,383,1403636598.7635555,1403636598.9135554,1000,1000,500,358,0.716,0.716,358,1,0,2062.8627241225436,0.0038300487431224,0.021190908439899,0.1608561230797346,62.26086616516113,3
1403636599.4135551,3.06208544506126,110.116794550494,393,1403636599.2635555,1403636599.4135554,1000,1000,500,48,0.096,0.096,48,1,0,419.75429048904687,0.0033131138056035,0.0197582019972431,0.1348082514856015,62.72172927856445,3
1403636599.9135551,3.055699592537789,108.49717914459863,403,1403636599.7635555,1403636599.9135554,1000,1000,500,0,0.0,0.0,0,1,0,759.8459374422204,0.0033150443882946,0.0193053244766105,0.1338999525113955,64.36395645141602,3
1403636600.4135551,3.060951031956807,108.09973278921655,413,1403636600.2635555,1403636600.4135554,1000,1000,500,0,0.0,0.0,0,1,0,1.550688466522843e-12,0.0041373034274737,0.0190955212290616,0.1241567914995475,65.95301628112793,3
1403636600.9135551,3.0652944181214017,108.2078111712427,423,1403636600.7635555,1403636600.9135554,1000,1000,500,0,0.0,0.0,0,1,0,1.4887007182551314e-12,0.0041012916014691,0.0192869928632682,0.1100770831642607,58.16984176635742,3
1403636601.4135551,3.069899327874805,108.33157934873488,433,1403636601.2635555,1403636601.4135554,1000,1000,500,0,0.0,0.0,0,1,0,6.088470172471716e-12,0.0043809356772565,0.0192580150868714,0.1197930734470074,88.90008926391602,3
1403636601.9135551,3.0749475986695107,108.43429864903686,443,1403636601.7635555,1403636601.9135554,1000,1000,500,0,0.0,0.0,0,1,0,1.1976624136877946e-12,0.0039265440027708,0.0192648243190979,0.1155629042339568,180.3598403930664,3
1403636602.4135551,3.079662102748043,108.5694766550452,453,1403636602.2635555,1403636602.4135554,1000,1000,500,0,0.0,0.0,0,1,0,1.2435066309990362e-12,0.0043919715042843,0.0192789436653835,0.1202581125718036,91.37296676635742,3
1403636602.9135551,3.0843486270534735,108.69685490446318,463,1403636602.7635555,1403636602.9135554,1000,1000,500,0,0.0,0.0,0,1,0,1.2877308108727448e-12,0.0041006938205572,0.0192854778864531,0.1104062941083934,57.71899223327637,3
1403636603.4135551,3.0894049844046187,108.81727835181445,473,1403636603.2635555,1403636603.4135554,1000,1000,500,0,0.0,0.0,0,1,0,1.446665010007564e-12,0.0041271982634949,0.0192399242824607,0.1249871847178362,65.95802307128906,3
1403636603.9135551,3.0949276084997064,108.9585012428241,483,1403636603.7635555,1403636603.9135554,1000,1000,500,0,0.0,0.0,0,1,0,3.99725763600145e-12,0.0039224838319936,0.0192609414551886,0.1157159978631843,185.31513214111328,3
1403636604.4135551,3.099584749797484,109.08172691644624,493,1403636604.2635555,1403636604.4135554,1000,1000,500,0,0.0,0.0,0,1,0,2.050541070275358e-12,0.0043919625402407,0.0192834801765802,0.1214936076269917,91.0170078277588,3
1403636604.9135551,3.10468773343049,109.2154451165745,503,1403636604.7635555,1403636604.9135554,1000,1000,500,0,0.0,0.0,0,1,0,2.171162805097993e-12,0.0042740250268151,0.0192617713175672,0.125273678528609,96.74382209777832,3
1403636605.4135551,3.1099063619527327,109.3431798776145,513,1403636605.2635555,1403636605.4135554,1000,1000,500,0,0.0,0.0,0,1,0,1.2619807421287988e-12,0.0041289399357609,0.0192707584208063,0.1249718804669673,67.18826293945312,3
1403636605.9135551,3.1154516662490934,109.48996247509407,523,1403636605.7635555,1403636605.9135554,1000,1000,500,0,0.0,0.0,0,1,0,1.6036665329011157e-12,0.0039208100856229,0.0192653828371194,0.1153854734233962,135.22815704345703,3
1403636606.4135551,3.1209281184155113,109.63209465369756,533,1403636606.2635555,1403636606.4135554,1000,1000,500,0,0.0,0.0,0,1,0,4.442085810296703e-12,0.0041295290923408,0.0192658693724137,0.1251251463960894,61.35082244873047,3
1403636606.9135551,3.1262463422636806,109.77375210484996,543,1403636606.7635555,1403636606.9135554,1000,1000,500,0,0.0,0.0,0,1,0,6.9440773131645985e-12,0.0041328272330134,0.0192935420257394,0.1251448917550424,65.72914123535156,3
1403636607.4135551,3.1310518595726964,109.92473792500707,553,1403636607.2635555,1403636607.4135554,1000,1000,500,0,0.0,0.0,0,1,0,4.0798227018967734e-12,0.0042813270383301,0.0192956574179046,0.1239475273292214,126.35183334350586,3
1403636607.9135551,3.136243665138841,110.07224272711557,563,1403636607.7635555,1403636607.9135554,1000,1000,500,0,0.0,0.0,0,1,0,3.879478072121856e-12,0.004272581185855,0.019266109712484,0.1252857230085818,124.5579719543457,3
1403636608.4135551,3.1417243397307084,110.2201551572959,573,1403636608.2635555,1403636608.4135554,1000,1000,500,0,0.0,0.0,0,1,0,5.337909669833607e-12,0.0042787127867515,0.0192832862493452,0.1237789936945274,123.93903732299805,3
1403636608.9135551,3.146870500229695,110.37026519581931,583,1403636608.7635555,1403636608.9135554,1000,1000,500,0,0.0,0.0,0,1,0,2.9779982924083018e-12,0.0041318900352661,0.0192965825390364,0.1250518412915159,64.86821174621582,3
1403636609.4135551,3.1521746236995476,110.51752219527577,593,1403636609.2635555,1403636609.4135554,1000,1000,500,0,0.0,0.0,0,1,0,1.3532144294003957e-12,0.0042772979795844,0.0192909765269714,0.123910461862583,96.37713432312012,3
1403636609.9135551,3.1578314057029675,110.67250819075224,603,1403636609.7635555,1403636609.9135554,1000,1000,500,0,0.0,0.0,0,1,0,1.0617782209010328e-12,0.0039139226405086,0.0192453217786345,0.1155275126964462,136.17205619812012,3
1403636610.4135551,3.1624889542402252,110.83420808385738,613,1403636610.2635555,1403636610.4135554,1000,1000,500,0,0.0,0.0,0,1,0,2.380687647018931e-12,0.0041646066164054,0.0192544692754712,0.123532293164285,63.420772552490234,3
1403636610.9135551,3.1685240684221583,111.01640255591386,623,1403636610.7635555,1403636610.9135554,1000,1000,500,0,0.0,0.0,0,1,0,3.114450919383671e-12,0.003931971472035,0.0191612025309141,0.1157270811405792,138.65995407104492,3
1403636611.4135551,3.174381395555745,111.13708987064143,633,1403636611.2635555,1403636611.4135554,1000,1000,500,0,0.0,0.0,0,1,0,3.8777310976842743,0.0033605806102803,0.0194277680927198,0.1443838269573556,75.08087158203125,3
1403636611.9135551,3.1792373303472714,111.3018528621607,643,1403636611.7635555,1403636611.9135554,1000,1000,500,5,0.01,0.01,5,1,0,16.50337545822208,0.0044214880243775,0.019145718413632,0.1215836082469078,71.72298431396484,3
1403636612.4135551,3.1850871833734047,111.48477315044975,653,1403636612.2635555,1403636612.4135554,1000,1000,500,16,0.032,0.032,16,1,0,399.1442423223276,0.0035845347457901,0.019336136879895,0.1220677886490489,59.55314636230469,3
1403636612.9135551,3.1900529730399185,111.71844514182605,663,1403636612.7635555,1403636612.9135554,1000,1000,500,0,0.0,0.0,0,1,0,3.6002063552587066e-12,0.0042983079458974,0.0192583662932136,0.1242670615026537,96.01473808288574,3
1403636613.4135551,3.1945026237650294,111.85730799857443,673,1403636613.2635555,1403636613.4135554,1000,1000,500,0,0.0,0.0,0,1,0,0.271406224362688,0.0043813059477642,0.0193296788043314,0.120975075111719,90.11101722717284,3
1403636613.9135551,3.1999055064616364,112.00488277319693,683,1403636613.7635555,1403636613.9135554,1000,1000,500,0,0.0,0.0,0,1,0,5.740986352975597e-12,0.0042677303865454,0.0192612431614341,0.123840245987348,125.55789947509766,3
1403636614.4135551,3.204403988264981,112.16803787047697,693,1403636614.2635555,1403636614.4135554,1000,1000,500,0,0.0,0.0,0,1,0,2.0176287307549506e-12,0.0040912930554879,0.0192622049297217,0.110355434239903,59.239864349365234,3
1403636614.9135551,3.2095745844299417,112.35165869969246,703,1403636614.7635555,1403636614.9135554,1000,1000,500,0,0.0,0.0,0,1,0,4.8477488689968595e-12,0.0042715490858796,0.0192734385918271,0.1252093761116058,122.55001068115234,3
1403636615.4135551,3.214527696456549,112.52465219969184,713,1403636615.2635555,1403636615.4135554,1000,1000,500,0,0.0,0.0,0,1,0,3.5187213143217378e-12,0.0043904603956456,0.019294286059321,0.1201328092545902,61.273813247680664,3
1403636615.9135551,3.2201181266422982,112.70809970398196,723,1403636615.7635555,1403636615.9135554,1000,1000,500,0,0.0,0.0,0,1,0,1.4042598195374012e-12,0.0039272398333883,0.0192457068079062,0.1155371405372727,135.14399528503418,3
1403636616.4135551,3.224863536618523,112.88411189435648,733,1403636616.2635555,1403636616.4135554,1000,1000,500,0,0.0,0.0,0,1,0,1.2120722203690093e-12,0.0041612761892824,0.0192544977025229,0.1236778773834936,69.61989402770996,3
1403636616.9135551,3.230166369340247,113.06890264874087,743,1403636616.7635555,1403636616.9135554,1000,1000,500,0,0.0,0.0,0,1,0,2.803204779411317e-12,0.0043892468743113,0.0192872746087106,0.1201224963926214,90.3310775756836,3
1403636617.4135551,3.2349435677449097,113.26003317441211,753,1403636617.2635555,1403636617.4135554,1000,1000,500,0,0.0,0.0,0,1,0,1.3687042610399657e-12,0.0041629000016882,0.0192782123037001,0.1235749513437184,63.29989433288574,3
1403636617.9135551,3.2407209225420615,113.44847817971458,763,1403636617.7635555,1403636617.9135554,1000,1000,500,0,0.0,0.0,0,1,0,1.6633805444143945e-12,0.0039233963737929,0.0192861472347579,0.1155020760974763,132.6620578765869,3
1403636618.4135551,3.245406148322262,113.63941906208181,773,1403636618.2635555,1403636618.4135554,1000,1000,500,0,0.0,0.0,0,1,0,3.3055584935937077e-12,0.0043874925040252,0.0192895237439319,0.1213902754750161,93.38116645812988,3
1403636618.9135551,3.2509898304634617,113.80446770414974,783,1403636618.7635555,1403636618.9135554,1000,1000,500,0,0.0,0.0,0,1,0,0.352472667427354,0.0041345183335473,0.0192308765406844,0.1254362349186537,66.98322296142578,3
1403636619.4135551,3.2564217589496125,114.009117923719,793,1403636619.2635555,1403636619.4135554,1000,1000,500,0,0.0,0.0,0,1,0,2.2538131361216076e-12,0.0042216635524681,0.0193305785722364,0.1238498851612728,144.47474479675293,3
1403636619.9135551,3.2617551994500134,114.21057828458648,803,1403636619.7635555,1403636619.9135554,1000,1000,500,0,0.0,0.0,0,1,0,1.2390444226184629e-12,0.0039156539512033,0.0192846405010207,0.1153632107463811,205.25813102722168,3
1403636620.4135551,3.267189160286583,114.40385579418147,813,1403636620.2635555,1403636620.4135554,1000,1000,500,0,0.0,0.0,0,1,0,2.93775315185485e-12,0.0039166296799095,0.0192284463887416,0.1154561021366286,136.78693771362305,3
1403636620.9135551,3.272665754824943,114.59734899084278,823,1403636620.7635555,1403636620.9135554,1000,1000,500,0,0.0,0.0,0,1,0,7.01385260981624e-12,0.0042834114300312,0.0192711317781639,0.1239143164182245,132.05814361572266,3
1403636621.4135551,3.2779900108616977,114.81919010901714,833,1403636621.2635555,1403636621.4135554,1000,1000,500,0,0.0,0.0,0,1,0,0.0962169403422062,0.0040399532023698,0.0193295445992837,0.1235768803595226,74.37705993652344,3
1403636621.9135551,3.2826275741720425,115.03781779466519,843,1403636621.7635555,1403636621.9135554,1000,1000,500,0,0.0,0.0,0,1,0,3.0007925033714856e-12,0.004088501806289,0.0191566192689326,0.11016814810154,58.542728424072266,3
1403636622.4135551,3.2880764209440523,115.25438991253043,853,1403636622.2635555,1403636622.4135554,1000,1000,500,0,0.0,0.0,0,1,0,1.7366517113259761e-12,0.00426373782632,0.0192222592786271,0.1256791313176822,125.11110305786131,3
1403636622.9135551,3.292638617136726,115.43863843670447,863,1403636622.7635555,1403636622.9135554,1000,1000,500,0,0.0,0.0,0,1,0,3.718014340847731e-12,0.0040950519652299,0.0192201369779823,0.1112072572224069,59.01598930358887,3
1403636623.4135551,3.295930489974556,115.64460050874723,873,1403636623.2635555,1403636623.4135554,1000,1000,500,0,0.0,0.0,0,1,0,1.3129692888469437e-12,0.0041089833902448,0.0194323092168128,0.1109793507648982,58.70795249938965,3
1403636623.9135551,3.301998262096255,115.9265804020008,883,1403636623.7635555,1403636623.9135554,1000,1000,500,0,0.0,0.0,0,1,0,0.1280819175754232,0.0039414301721304,0.019469755753728,0.1159616475186642,190.22798538208008,3
1403636624.4135551,3.3144284662383967,117.51485899055606,893,1403636624.2635555,1403636624.4135554,1000,1000,500,13,0.026,0.026,13,1,0,557.2784899266297,0.005181297677235,0.0198227307852422,0.26099851387001,81.81595802307129,3
1403636624.9135551,3.3234208271120576,121.43498700292805,903,1403636624.7635555,1403636624.9135554,1000,1000,500,418,0.836,0.836,418,1,0,1567.9486853771425,0.003507589804485,0.0206476196452339,0.1496812945031613,78.82404327392578,3
1403636625.4135551,3.3506596819711536,123.05642920491688,913,1403636625.2635555,1403636625.4135554,1000,1000,500,14,0.028,0.028,14,1,0,260.95939480029006,0.0032886937497201,0.0179648737518421,0.2582214754040537,112.94984817504884,3
1403636625.9135551,3.3252347501358503,121.27501953949086,923,1403636625.7635555,1403636625.9135554,1000,1000,500,59,0.118,0.118,59,1,0,0.191225763954701,0.0044640647871262,0.0210665602556765,0.1453066059430976,90.52491188049316,3
1403636626.4135551,3.30087527052392,119.10045535494287,933,1403636626.2635555,1403636626.4135554,1000,1000,500,0,0.0,0.0,0,1,0,235.45443638655945,0.0038874141454939,0.018284033091803,0.1151619272973062,76.92980766296387,3
1403636626.9135551,3.2774573517338537,120.1137718072095,943,1403636626.7635555,1403636626.9135554,1000,1000,500,0,0.0,0.0,0,1,0,587.4215716953588,0.004128298666571,0.0194656610624728,0.2629209814119222,70.54710388183594,3
1403636627.4135551,3.285620318455921,120.71760670981266,953,1403636627.2635555,1403636627.4135554,1000,1000,500,2,0.004,0.004,2,1,0,327.55572871816116,0.004239482583677,0.0199841788965139,0.1330406180378433,93.99914741516112,3
1403636627.9135551,3.2869383479327716,125.7914911554962,963,1403636627.7635555,1403636627.9135554,1000,1000,500,384,0.768,0.768,384,1,0,924.6507245587306,0.0050089840080546,0.0201642343509997,0.1237307096340407,190.87910652160645,3
1403636628.4135551,3.2626501360088733,123.52184467179187,973,1403636628.2635555,1403636628.4135554,1000,1000,500,11,0.022,0.022,11,1,0,999.2058857143478,0.002119306048065,0.0193853651130392,1.1469699412472223,61.16199493408203,3
1403636628.9135551,3.1778986951261694,126.05038901023494,983,1403636628.7635555,1403636628.9135554,1000,1000,500,105,0.21,0.21,105,1,0,457.8644314205538,0.0034702417372465,0.0207114698052538,0.1336672965302356,69.68283653259277,3
1403636629.4135551,3.069226353713339,128.2650554510169,993,1403636629.2635555,1403636629.4135554,1000,1000,500,0,0.0,0.0,0,1,0,2054.5866788874728,0.0038834055549269,0.0192731008029088,0.1399851613799888,86.02309226989746,3
1403636629.9135551,2.8865492694803554,134.99576607192662,1003,1403636629.7635555,1403636629.9135554,1000,1000,500,457,0.914,0.914,457,1,0,475.9962132443246,0.0046422969136511,0.0203724878475883,0.1267088617097842,91.56608581542967,3
1403636630.4135551,2.695485619672795,136.01129705312067,1013,1403636630.2635555,1403636630.4135554,1000,1000,500,43,0.086,0.086,43,1,0,419.577580463538,0.0021960606742666,0.0203109373141449,1.1953423529029532,65.89603424072266,3
1403636630.9135551,2.4670919961504283,136.8665995055311,1023,1403636630.7635555,1403636630.9135554,1000,1000,500,62,0.124,0.124,62,1,0,457.72111800036447,0.0011281144320269,0.0195556555214011,0.5778708608791217,64.91374969482422,3
1403636631.4135551,2.2133006254480034,135.98601312111703,1033,1403636631.2635555,1403636631.4135554,1000,1000,500,1,0.002,0.002,1,1,0,166.20281993151212,0.0025257224808531,0.0190112174260392,0.1281150478875642,76.12991333007812,3
1403636631.9135551,1.9690926764828773,136.69707388258107,1043,1403636631.7635555,1403636631.9135554,1000,1000,500,22,0.044,0.044,22,1,0,247.67084077163304,0.0022224107260827,0.0205104041613945,0.1430360522342382,70.10412216186523,3
1403636632.4135551,1.756531979380418,137.2516993520923,1053,1403636632.2635555,1403636632.4135554,1000,1000,500,4,0.008,0.008,4,1,0,223.70486387563793,0.0036152429391138,0.0190170740019892,0.1289574090594125,82.63301849365234,3
1403636632.9135551,1.582217376561593,132.8155485333596,1063,1403636632.7635555,1403636632.9135554,1000,1000,500,134,0.268,0.268,134,1,0,1910.9167410028117,0.0024980765834046,0.0208631959538633,1.3542319405744283,62.245845794677734,3
1403636633.4135551,1.3181878011369184,130.87908649398534,1073,1403636633.2635555,1403636633.4135554,1000,1000,500,2,0.004,0.004,2,1,0,217.0877569819681,0.0034143055341205,0.0188603975154963,0.5764758035562341,71.89393043518066,3
1403636633.9135551,1.1242491943442268,131.536950588364,1083,1403636633.7635555,1403636633.9135554,1000,1000,500,29,0.058,0.058,29,1,0,1918.605806903172,0.0022487711288808,0.020368675846398,2.740247454915938,62.99090385437012,3
1403636634.4135551,0.7790539628011174,130.91107104823374,1093,1403636634.2635555,1403636634.4135554,1000,1000,500,55,0.11,0.11,55,1,0,1349.4233663730226,0.0031641276534414,0.0193492851916519,0.1301788045970837,65.30117988586426,3
1403636634.9135551,0.47538231907999257,130.07370742095915,1103,1403636634.7635555,1403636634.9135554,1000,1000,500,96,0.192,0.192,96,1,0,355.38393216838944,0.0015506623336869,0.0201136187565798,0.5982954835806978,61.0048770904541,3
1403636635.4135551,0.2946685175879971,130.26636215630157,1113,1403636635.2635555,1403636635.4135554,1000,1000,500,47,0.094,0.094,47,1,0,816.1032927440292,0.0026799572111702,0.0206034496729021,2.8177169551005945,60.9889030456543,3
1403636635.9135551,0.4275869396993971,128.7875917197283,1123,1403636635.7635555,1403636635.9135554,1000,1000,500,25,0.05,0.05,25,1,0,1574.3087583990753,0.0044346933051689,0.0201388058117222,0.1561550477287007,61.61904335021973,3
1403636636.4135551,0.8617382581233635,129.6108836902093,1133,1403636636.2635555,1403636636.4135554,1000,1000,500,111,0.222,0.222,111,1,0,1988.3447813239147,0.0043327868285257,0.0196644885346605,0.1195312929920961,63.14897537231445,3
1403636636.9135551,1.2083225362806795,131.45853791755428,1143,1403636636.7635555,1403636636.9135554,1000,1000,500,0,0.0,0.0,0,1,0,584.9030556753638,0.0050594839704116,0.0185810726702098,0.1133298790890573,117.64001846313477,3
1403636637.4135551,1.3824568063106115,130.9759251865089,1153,1403636637.2635555,1403636637.4135554,1000,1000,500,8,0.016,0.016,8,1,0,408.9145339243246,0.003064352810888,0.0206214640998872,0.2890211761663264,69.62203979492188,3
1403636637.9135551,1.617738106699198,130.60831027443598,1163,1403636637.7635555,1403636637.9135554,1000,1000,500,91,0.182,0.182,91,1,0,386.703403202106,0.0045002829321927,0.0201624475114086,0.1386627950564918,74.66506958007812,3
1403636638.4135551,1.823256939846927,130.82998406746785,1173,1403636638.2635555,1403636638.4135554,1000,1000,500,40,0.08,0.08,40,1,0,1424.2850339235397,0.0032743375300133,0.0194674250263059,0.139819836615892,62.92605400085449,3
1403636638.9135551,2.074861330698493,131.46428213686664,1183,1403636638.7635555,1403636638.9135554,1000,1000,500,17,0.034,0.034,17,1,0,2292.6497844948526,0.0033264795775449,0.0201215214340081,0.1490976270890658,58.14719200134277,3
1403636639.4135551,2.426687768004239,130.1025741206366,1193,1403636639.2635555,1403636639.4135554,1000,1000,500,62,0.124,0.124,62,1,0,1556.027461923026,0.0036352519524966,0.0196189815146181,0.1272336226674555,58.194875717163086,3
1403636639.9135551,2.787891971787283,130.31814465805417,1203,1403636639.7635555,1403636639.9135554,1000,1000,500,6,0.012,0.012,6,1,0,793.897295684839,0.0038159143657334,0.020708626848288,0.1373532702049442,66.90001487731934,3
1403636640.4135551,3.1160199563093927,129.23537119179124,1213,1403636640.2635555,1403636640.4135554,1000,1000,500,20,0.04,0.04,20,1,0,742.8221169925075,0.0036862233665421,0.0194112886438177,0.1248423591100877,75.40392875671387,3
1403636640.9135551,3.3690342038854117,129.42553738758696,1223,1403636640.7635555,1403636640.9135554,1000,1000,500,0,0.0,0.0,0,1,0,583.1786049606557,0.0039710860631785,0.0205193651609528,0.1229726417428464,86.45367622375488,3
1403636641.4135551,3.571861876710688,129.22936419844848,1233,1403636641.2635555,1403636641.4135554,1000,1000,500,6,0.012,0.012,6,1,0,1010.439440871934,0.0033073444217424,0.0195599221055803,0.2777712782097876,67.3520565032959,3
1403636641.9135551,3.737939121528456,130.21643612576887,1243,1403636641.7635555,1403636641.9135554,1000,1000,500,1,0.002,0.002,1,1,0,440.3198793968548,0.0040488368530238,0.0199399197695227,0.1283181230076111,61.46502494812012,3
1403636642.4135551,3.7765226521991067,132.3065380789763,1253,1403636642.2635555,1403636642.4135554,1000,1000,500,20,0.04,0.04,20,1,0,2081.089475474934,0.0026542104318472,0.0189426885480012,2.336238313357163,59.94701385498047,3
1403636642.9135551,3.844077412470533,135.30932567744887,1263,1403636642.7635555,1403636642.9135554,1000,1000,500,20,0.04,0.04,20,1,0,382.9553320004089,0.0036518147558137,0.0201496097798148,0.1392682357082784,81.87699317932129,3
1403636643.4135551,3.9468947226578157,134.54858104547563,1273,1403636643.2635555,1403636643.4135554,1000,1000,500,0,0.0,0.0,0,1,0,645.8226159295656,0.0035637496457397,0.0205015892601363,0.1315057496296085,85.2200984954834,3
1403636643.9135551,4.098301780205154,136.79840500680663,1283,1403636643.7635555,1403636643.9135554,1000,1000,500,2,0.004,0.004,2,1,0,234.11951342969192,0.0030166963772597,0.0194025389874417,0.5441507477534907,66.54524803161621,3
1403636644.4135551,4.365517110341719,134.02873936804977,1293,1403636644.2635555,1403636644.4135554,1000,1000,500,44,0.088,0.088,44,1,0,3104.042613214678,0.0026903429791689,0.0188525310803033,0.1669611068432219,61.660051345825195,3
1403636644.9135551,4.662726028745497,134.8892104733106,1303,1403636644.7635555,1403636644.9135554,1000,1000,500,76,0.152,0.152,76,1,0,1017.5704765730264,0.0037093963389911,0.0201870083181997,0.2385666502183411,60.86993217468262,3
1403636645.4135551,4.960443390581398,138.31777119498753,1313,1403636645.2635555,1403636645.4135554,1000,1000,500,82,0.164,0.164,82,1,0,2674.614259783216,0.0036384650924276,0.0196642348968624,0.2509077706320735,59.86809730529785,3
1403636645.9135551,5.422733258004624,137.75896212944014,1323,1403636645.7635555,1403636645.9135554,1000,1000,500,26,0.052,0.052,26,1,0,352.7974716102965,0.0036983240448002,0.0212316268752655,0.1365723945237743,58.791160583496094,3
1403636646.4135551,5.929837360631996,140.030840752907,1333,1403636646.2635555,1403636646.4135554,1000,1000,500,176,0.352,0.352,176,1,0,5125.3337506981225,0.0035613846949131,0.0194725009576527,0.1520911280900576,89.21599388122559,3
1403636646.9135551,6.368892390266355,145.71856260944932,1343,1403636646.7635555,1403636646.9135554,1000,1000,500,10,0.02,0.02,10,1,0,415.6625917327455,0.0040968063454971,0.0197596789548741,0.1427344411982856,59.99612808227539,3
1403636647.4135551,6.718067650941156,146.48137253699718,1353,1403636647.2635555,1403636647.4135554,1000,1000,500,22,0.044,0.044,22,1,0,1657.177940497033,0.0036077676868857,0.0191214312040619,0.1274418294686024,67.89398193359375,3
1403636647.9135551,6.997765658169306,146.5221531905042,1363,1403636647.7635555,1403636647.9135554,1000,1000,500,21,0.042,0.042,21,1,0,1573.7740158029271,0.0042946031717488,0.0191730075269388,0.1217407671764017,112.36906051635742,3
1403636648.4135551,7.181057410142817,155.14672027877242,1373,1403636648.2635555,1403636648.4135554,1000,1000,500,395,0.79,0.79,395,1,0,270.94258242258013,0.0027592911334783,0.0194950805261241,0.1443987185784483,77.76999473571777,3
1403636648.9135551,7.286778493863746,162.53286293435022,1383,1403636648.7635555,1403636648.9135554,1000,1000,500,0,0.0,0.0,0,1,0,1196.8241615935372,0.0031063300488339,0.020474135615705,0.1385112260650705,61.76471710205078,3
1403636649.4135551,7.3286447692827155,162.35793197754325,1393,1403636649.2635555,1403636649.4135554,1000,1000,500,29,0.058,0.058,29,1,0,684.1065345886889,0.0034491145821118,0.0209374806122145,1.771765231462085,58.12191963195801,3
1403636649.9135551,7.311070146312906,162.88240592273607,1403,1403636649.7635555,1403636649.9135554,1000,1000,500,28,0.056,0.056,28,1,0,1388.145771589814,0.0023027925628009,0.0187672173047647,2.249516107514126,56.36882781982422,3
1403636650.4135551,7.305712156354225,169.42945355392723,1413,1403636650.2635555,1403636650.4135554,1000,1000,500,20,0.04,0.04,20,1,0,3474.8809084018367,0.0037139646937031,0.0194162996534656,0.2968408628036017,70.1899528503418,3
1403636650.9135551,7.223439697180004,175.86827628547053,1423,1403636650.7635555,1403636650.9135554,1000,1000,500,0,0.0,0.0,0,1,0,222.414957271971,0.0044551539868649,0.0210012514683613,0.1364781241296735,100.77404975891112,3
1403636651.4135551,7.1242726263861655,175.96566730119702,1433,1403636651.2635555,1403636651.4135554,1000,1000,500,4,0.008,0.008,4,1,0,391.3844355343931,0.0041968891734559,0.01902020185341,0.1238874083883147,96.40121459960938,3
1403636651.9135551,6.978120268067967,175.83989722600924,1443,1403636651.7635555,1403636651.9135554,1000,1000,500,1,0.002,0.002,1,1,0,2020.325440843744,0.0031425433168337,0.0190020657337349,0.1630656977272658,57.84916877746582,3
1403636652.4135551,6.709022643982751,171.41195855749058,1453,1403636652.2635555,1403636652.4135554,1000,1000,500,449,0.898,0.898,449,1,0,105.79633026512272,0.0042648540638048,0.0199533262411591,0.1432112812210104,100.08502006530762,3
1403636652.9135551,6.432725367344561,167.01703119727836,1463,1403636652.7635555,1403636652.9135554,1000,1000,500,7,0.014,0.014,7,1,0,910.6042717577784,0.0020130545539275,0.0204085044421379,1.7007741586986886,61.50484085083008,3
1403636653.4135551,6.273158414930449,166.6348612923852,1473,1403636653.2635555,1403636653.4135554,1000,1000,500,21,0.042,0.042,21,1,0,209.89744003594515,0.002481593784891,0.0203515588849111,0.5796905299680934,66.83802604675293,3
1403636653.9135551,6.154057488152613,167.09537824808905,1483,1403636653.7635555,1403636653.9135554,1000,1000,500,0,0.0,0.0,0,1,0,402.99814906640233,0.0032946234408227,0.0190463133841077,0.163537063106567,59.77177619934082,3
1403636654.4135551,5.974932059670577,164.64136660682541,1493,1403636654.2635555,1403636654.4135554,1000,1000,500,0,0.0,0.0,0,1,0,1314.59247188037,0.0031375827630041,0.0204282004936445,0.6084665592146645,66.2069320678711,3
1403636654.9135551,5.761513019459915,159.46788713711703,1503,1403636654.7635555,1403636654.9135554,1000,1000,500,25,0.05,0.05,25,1,0,1301.7055625956916,0.0033845458342886,0.0193249811733049,0.5664161834659032,64.76402282714844,3
1403636655.4135551,5.5571403041229015,156.8883178331274,1513,1403636655.2635555,1403636655.4135554,1000,1000,500,0,0.0,0.0,0,1,0,1064.9866450719944,0.0027823976667168,0.0204653534249709,0.3078000607340205,66.77412986755371,3
1403636655.9135551,5.2900217201785384,153.31814861634595,1523,1403636655.7635555,1403636655.9135554,1000,1000,500,55,0.11,0.11,55,1,0,1055.8949654875532,0.0048839757337308,0.0189917562788508,0.12529067644401,71.5479850769043,3
1403636656.4135551,4.97005434348325,149.32346703849464,1533,1403636656.2635555,1403636656.4135554,1000,1000,500,5,0.01,0.01,5,1,0,257.04043220717335,0.0047357545999022,0.0206482110297848,0.452474117262248,72.85404205322266,3
1403636656.9135551,4.688081495794687,147.57889291298048,1543,1403636656.7635555,1403636656.9135554,1000,1000,500,13,0.026,0.026,13,1,0,136.20308566734874,0.0037646459232446,0.0189688782426964,0.1204000465422789,91.95709228515624,3
1403636657.4135551,4.360117913233897,149.31076055620284,1553,1403636657.2635555,1403636657.4135554,1000,1000,500,74,0.148,0.148,74,1,0,251.52822961615783,0.0045377487585634,0.0194423522824835,0.2852513737689299,80.92904090881348,3
1403636657.9135551,3.959105271458007,150.036764832063,1563,1403636657.7635555,1403636657.9135554,1000,1000,500,104,0.208,0.208,104,1,0,384.524269897722,0.0049618658874053,0.0202520135443276,0.6012560002224204,66.99419021606445,3
1403636658.4135551,3.509404651523138,147.19861000487137,1573,1403636658.2635555,1403636658.4135554,1000,1000,500,14,0.028,0.028,14,1,0,371.2452635129026,0.0051528647014249,0.0196621430506067,0.111441199561857,117.2049045562744,3
1403636658.9135551,3.1133747136498395,144.12790692032672,1583,1403636658.7635555,1403636658.9135554,1000,1000,500,10,0.02,0.02,10,1,0,662.889164091558,0.0042480989933731,0.0194556319976133,0.1194920387305204,95.92604637145996,3
1403636659.4135551,2.8259203665555677,144.87313476749335,1593,1403636659.2635555,1403636659.4135554,1000,1000,500,11,0.022,0.022,11,1,0,1812.805266874121,0.0031817929562586,0.0205845176539196,0.1432714281634133,63.446998596191406,3
1403636659.9135551,2.5999945623509455,144.0507225679477,1603,1403636659.7635555,1403636659.9135554,1000,1000,500,2,0.004,0.004,2,1,0,604.5678231540505,0.0037607401252861,0.0188082056938749,0.1280232324953509,84.06186103820801,3
1403636660.4135551,2.453666773681363,145.4650618460468,1613,1403636660.2635555,1403636660.4135554,1000,1000,500,9,0.018,0.018,9,1,0,1525.3451317854092,0.0048367555048306,0.0206237602772916,0.1267576745583535,78.2022476196289,3
1403636660.9135551,2.4523177465606087,141.65005948896723,1623,1403636660.7635555,1403636660.9135554,1000,1000,500,1,0.002,0.002,1,1,0,0.1150241239459627,0.0034812537460364,0.019173773563,0.1292373520920241,68.18914413452148,3
1403636661.4135551,2.571611010854608,142.75773054469622,1633,1403636661.2635555,1403636661.4135554,1000,1000,500,0,0.0,0.0,0,1,0,308.48953778560303,0.0061695169349002,0.020656066506284,0.2816588481794803,94.54178810119627,3
1403636661.9135551,2.695164728581027,143.87836321130976,1643,1403636661.7635555,1403636661.9135554,1000,1000,500,3,0.006,0.006,3,1,0,331.84277926226775,0.0039958052382346,0.0211447569651643,0.1361874131976854,86.68398857116699,3
1403636662.4135551,2.745333604351632,142.43252589518144,1653,1403636662.2635555,1403636662.4135554,1000,1000,500,28,0.056,0.056,28,1,0,1473.4810393469702,0.0040183349824577,0.0189240215719322,0.1078634914348475,119.2469596862793,3
1403636662.9135551,2.8306892775062114,145.5157450160896,1663,1403636662.7635555,1403636662.9135554,1000,1000,500,2,0.004,0.004,2,1,0,68.13519897125923,0.0041755392219313,0.0189992848184235,0.1194335450618742,81.1769962310791,3
1403636663.4135551,2.860037158717327,145.1248048910463,1673,1403636663.2635555,1403636663.4135554,1000,1000,500,40,0.08,0.08,40,1,0,3910.99641351591,0.003443291722909,0.0191524031140812,0.1435148288167359,64.41879272460938,3
1403636663.9135551,2.9702770711179984,142.4490267439146,1683,1403636663.7635555,1403636663.9135554,1000,1000,500,10,0.02,0.02,10,1,0,471.43929805708854,0.0042188579354586,0.0205102179557326,0.1355646012546918,64.16797637939453,3
1403636664.4135551,3.191389527959648,142.11571133512595,1693,1403636664.2635555,1403636664.4135554,940,940,500,120,0.24,0.24,120,1,0,702.8574247807646,0.0017967998486131,0.0182675590138736,2.0851727420127415,50.94718933105469,3
1403636664.9135551,3.598833865547743,144.5844667510818,1703,1403636664.7635555,1403636664.9135554,956,956,500,130,0.26,0.26,130,1,0,970.3288523804072,0.0020479171280186,0.0204888691574069,0.1441654519487091,47.29199409484863,3
1403636665.4135551,3.9109893583395845,146.5578578716275,1713,1403636665.2635555,1403636665.4135554,981,981,500,358,0.716,0.716,358,1,0,486.3783452317251,0.0030497362881597,0.0197305930225071,1.3220050521551954,48.120737075805664,3
1403636665.9135551,4.220275579890704,143.54610083320114,1723,1403636665.7635555,1403636665.9135554,956,956,500,122,0.244,0.244,122,1,0,1057.056057413046,0.0017151162133645,0.0196647882899215,1.3316531910649871,49.191951751708984,3
1403636666.4135551,4.579963333541219,143.8060722823853,1733,1403636666.2635555,1403636666.4135554,986,986,500,1,0.002,0.002,1,1,0,244.02272034748907,0.0026269811352476,0.0200959985771337,0.1393656035192934,60.74285507202149,3
1403636666.9135551,4.847704336272496,145.54230621189626,1743,1403636666.7635555,1403636666.9135554,1000,1000,500,6,0.012,0.012,6,1,0,161.98138433570483,0.0024113998542228,0.0188441690401151,0.2940423715923954,55.763959884643555,3
1403636667.4135551,5.088893504555905,142.28270908863405,1753,1403636667.2635555,1403636667.4135554,1000,1000,500,0,0.0,0.0,0,1,0,96.43117874029848,0.0022589010480309,0.0192928670085219,0.2663545965100084,60.80508232116699,3
1403636667.9135551,5.325169490395528,144.84131396672822,1763,1403636667.7635555,1403636667.9135554,1000,1000,500,13,0.026,0.026,13,1,0,244.62755723455308,0.003425447111054,0.0198202234457381,0.1791225050335101,56.859731674194336,3
1403636668.4135551,5.552754342075834,142.50296548105942,1773,1403636668.2635555,1403636668.4135554,1000,1000,500,0,0.0,0.0,0,1,0,241.0655714972655,0.0045521933126479,0.0194331104063153,0.2656583463910999,91.54701232910156,3
1403636668.9135551,5.8400037867800725,139.2325527085707,1783,1403636668.7635555,1403636668.9135554,1000,1000,500,0,0.0,0.0,0,1,0,846.8264243922688,0.002651566206507,0.0206227004491616,0.1460421250269379,71.45476341247559,3
1403636669.4135551,6.195283148956168,140.03749038347715,1793,1403636669.2635555,1403636669.4135554,1000,1000,500,23,0.046,0.046,23,1,0,545.8388911069378,0.0037358133276828,0.0196677836708168,0.118893233419837,82.54098892211914,3
1403636669.9135551,6.544382478336275,140.29293027416423,1803,1403636669.7635555,1403636669.9135554,1000,1000,500,52,0.104,0.104,52,1,0,377.61708923568744,0.0025664555662279,0.0208768324509019,0.2047140271776962,58.78782272338867,3
1403636670.4135551,6.693927524464252,146.16270341573647,1813,1403636670.2635555,1403636670.4135554,1000,1000,500,17,0.034,0.034,17,1,0,705.8217255300398,0.0039335169111725,0.0197831046212588,0.128632889764185,94.21801567077635,3
1403636670.9135551,6.417115146269314,154.53281665469692,1823,1403636670.7635555,1403636670.9135554,1000,1000,500,0,0.0,0.0,0,1,0,2576.027563957316,0.0031099694738051,0.0194106048484842,0.135058516179493,68.46427917480469,3
1403636671.4135551,5.60727481794299,161.19423551398722,1833,1403636671.2635555,1403636671.4135554,1000,1000,500,70,0.14,0.14,70,1,0,8043.891575989785,0.0045783902619138,0.0191304859215188,0.4585792792619558,79.28919792175293,3
1403636671.9135551,4.661107146668167,163.07670054628866,1843,1403636671.7635555,1403636671.9135554,1000,1000,500,402,0.804,0.804,402,1,0,666.1942239836505,0.0044147957317589,0.0200014533784592,0.2738544156432169,68.5582160949707,3
1403636672.4135551,4.062437320806439,157.81092896664506,1853,1403636672.2635555,1403636672.4135554,1000,1000,500,73,0.146,0.146,73,1,0,410.15561274043745,0.0052449050664426,0.0189112053971309,0.5575354914440316,66.84398651123047,3
1403636672.9135551,3.854005602230744,160.88489530311497,1863,1403636672.7635555,1403636672.9135554,1000,1000,500,4,0.008,0.008,4,1,0,1535.7343444938194,0.0028561130092218,0.0205105001050536,0.5923305945425114,63.612937927246094,3
1403636673.4135551,3.793083286466323,165.03250654737897,1873,1403636673.2635555,1403636673.4135554,1000,1000,500,35,0.07,0.07,35,1,0,663.0273780172907,0.0011772279918967,0.0198868374967218,0.5825914623720865,55.5720329284668,3
1403636673.9135551,3.9586760526141918,164.34721278231518,1883,1403636673.7635555,1403636673.9135554,1000,1000,500,36,0.072,0.072,36,1,0,427.6754570496917,0.0019577515352228,0.0206382103051739,0.1493929932553173,72.80373573303223,3
1403636674.4135551,4.188611559525549,166.01976252318653,1893,1403636674.2635555,1403636674.4135554,1000,1000,500,36,0.072,0.072,36,1,0,217.6338093250631,0.0014443516969657,0.0190398158798792,0.7854679879534123,56.54311180114746,3
1403636674.9135551,4.461749922588321,170.35795189952566,1903,1403636674.7635555,1403636674.9135554,1000,1000,500,6,0.012,0.012,6,1,0,1149.944099048915,0.0042357091713078,0.0209387324433552,0.1297948086233109,74.33295249938965,3
1403636675.4135551,4.7588902082518345,167.21998460341499,1913,1403636675.2635555,1403636675.4135554,1000,1000,500,75,0.15,0.15,75,1,0,687.9380807073708,0.0021733746453807,0.0199942060102675,1.2260273445570296,58.45284461975098,3
1403636675.9135551,5.2089213860259855,171.79615945349664,1923,1403636675.7635555,1403636675.9135554,1000,1000,500,130,0.26,0.26,130,1,0,501.74684867222834,0.0014122717442895,0.0189866412240166,1.2656299822400705,57.93309211730957,3
1403636676.4135551,5.515837434816167,177.80160690787824,1933,1403636676.2635555,1403636676.4135554,1000,1000,500,71,0.142,0.142,71,1,0,4371.789861681505,0.0020274844860005,0.0206814241230374,2.729176648296271,61.81931495666504,3
1403636676.9135551,5.892187145773351,173.6098297320975,1943,1403636676.7635555,1403636676.9135554,1000,1000,500,67,0.134,0.134,67,1,0,834.2016623657848,0.0018193056480661,0.0205990312649822,1.3170321559846057,62.18194961547851,3
1403636677.4135551,6.299614667442676,174.4585884437757,1953,1403636677.2635555,1403636677.4135554,1000,1000,500,62,0.124,0.124,62,1,0,376.8203646683101,0.0023749292602004,0.021004166073715,0.1301762224437559,76.73192024230957,3
1403636677.9135551,6.5616612896815045,164.9245141392352,1963,1403636677.7635555,1403636677.9135554,1000,1000,500,125,0.25,0.25,125,1,0,3116.4577111777735,0.0013958426582568,0.0201750917757557,0.6238888411037463,59.58390235900879,3
1403636678.4135551,6.713697763901685,160.1394826728787,1973,1403636678.2635555,1403636678.4135554,1000,1000,500,38,0.076,0.076,38,1,0,2236.782047186134,0.0025592130551071,0.0200248547723131,1.1030575630595507,60.40024757385254,3
1403636678.9135551,6.890679898925873,155.15586311594717,1983,1403636678.7635555,1403636678.9135554,1000,1000,500,11,0.022,0.022,11,1,0,3749.934353900736,0.0027582542565028,0.0195065854143259,0.1685962853929549,85.22915840148926,3
1403636679.4135551,6.89957517923878,143.90495171780583,1993,1403636679.2635555,1403636679.4135554,1000,1000,500,58,0.116,0.116,58,1,0,3071.0344900842797,0.0021396366515741,0.0207567596266495,1.3873701090866124,58.27522277832031,3
1403636679.9135551,6.89782957783729,139.7126925861159,2003,1403636679.7635555,1403636679.9135554,1000,1000,500,72,0.144,0.144,72,1,0,142.3700424639769,0.0049500282646744,0.0207909491132887,0.1384911925007426,78.51624488830566,3
1403636680.4135551,6.802667068157219,143.63235000012364,2013,1403636680.2635555,1403636680.4135554,1000,1000,500,34,0.068,0.068,34,1,0,1328.9184037102457,0.004008494319928,0.0194003319011977,0.1210646029649301,69.13208961486816,3
1403636680.9135551,6.484869272912647,143.19765791834487,2023,1403636680.7635555,1403636680.9135554,1000,1000,500,19,0.038,0.038,19,1,0,532.8855245587591,0.0027529467132017,0.0189424983967268,0.4106315590836812,67.03782081604004,3
1403636681.4135551,6.138386564774755,143.66427918279257,2033,1403636681.2635555,1403636681.4135554,1000,1000,500,59,0.118,0.118,59,1,0,1546.0709989844129,0.0040453307214011,0.0205422538231292,0.1183055047791366,99.43699836730956,3
1403636681.9135551,5.789574378399865,143.23553221040285,2043,1403636681.7635555,1403636681.9135554,1000,1000,500,30,0.06,0.06,30,1,0,481.18056563453206,0.0034926576287879,0.0204932313355094,0.1256085508383738,75.8368968963623,3
1403636682.4135551,5.3468672913013835,143.57656268879842,2053,1403636682.2635555,1403636682.4135554,1000,1000,500,16,0.032,0.032,16,1,0,1111.6061978150883,0.0019315094122967,0.0190319614532876,1.2573670091312896,59.87191200256348,3
1403636682.9135551,4.980924746588597,143.7073401322856,2063,1403636682.7635555,1403636682.9135554,1000,1000,500,90,0.18,0.18,90,1,0,329.6445072436253,0.003501733004499,0.020407847688939,0.1308889257248586,99.7140407562256,3
1403636683.4135551,4.567405219934987,143.87222935801805,2073,1403636683.2635555,1403636683.4135554,1000,1000,500,89,0.178,0.178,89,1,0,663.3715157674757,0.0032196825743678,0.0194163380324891,0.1493750902274693,62.367916107177734,3
1403636683.9135551,4.141415927831378,144.07380822516032,2083,1403636683.7635555,1403636683.9135554,1000,1000,500,20,0.04,0.04,20,1,0,986.5027639032484,0.0041445769241021,0.0194315170037477,0.1254711616287877,85.54792404174805,3
1403636684.4135551,3.7420141946896335,142.8771152424194,2093,1403636684.2635555,1403636684.4135554,1000,1000,500,1,0.002,0.002,1,1,0,744.396954478401,0.004017534954037,0.0190158719352032,0.1226763440378105,92.2098159790039,3
1403636684.9135551,3.3714693804910416,142.1465167008605,2103,1403636684.7635555,1403636684.9135554,1000,1000,500,58,0.116,0.116,58,1,0,1355.3103077665328,0.0037946295438507,0.0196061310371142,0.1134626042068121,79.86021041870117,3
1403636685.4135551,2.998779752708485,145.40190408769234,2113,1403636685.2635555,1403636685.4135554,1000,1000,500,98,0.196,0.196,98,1,0,562.2740919329684,0.0041994997316376,0.0193503540371038,0.1115027539285659,97.31101989746094,3
1403636685.9135551,2.607335253071378,145.50645713358173,2123,1403636685.7635555,1403636685.9135554,1000,1000,500,435,0.87,0.87,435,1,0,1095.4362051175654,0.0040969466595749,0.0194226718952723,0.1087470309117909,87.76688575744629,3
1403636686.4135551,2.2090912532701714,144.99228650540294,2133,1403636686.2635555,1403636686.4135554,1000,1000,500,14,0.028,0.028,14,1,0,1846.3074461853323,0.0043657864428543,0.0196541544756423,0.1277208418535725,96.9829559326172,3
1403636686.9135551,1.8692238050261214,144.93835638745568,2143,1403636686.7635555,1403636686.9135554,1000,1000,500,1,0.002,0.002,1,1,0,329.80423796398253,0.0037525955908614,0.0204838395332905,0.1330592748392387,84.68294143676758,3
1403636687.4135551,1.5744767688791474,144.6137092824483,2153,1403636687.2635555,1403636687.4135554,1000,1000,500,39,0.078,0.078,39,1,0,969.8668767242456,0.0027000182039689,0.0189891117343167,0.122308286737797,102.95820236206056,3
1403636687.9135551,1.3417060394038638,144.24262017664978,2163,1403636687.7635555,1403636687.9135554,1000,1000,500,67,0.134,0.134,67,1,0,1284.7466587470376,0.0039445329168434,0.0187752170769758,0.1222238662495831,62.40200996398926,3
1403636688.4135551,1.1605427252974927,145.4507869252694,2173,1403636688.2635555,1403636688.4135554,1000,1000,500,1,0.002,0.002,1,1,0,1013.7523970055312,0.0041281199729036,0.0190341122640035,0.1311481405401997,116.1651611328125,3
1403636688.9135551,1.0189378113648604,147.01884138782083,2183,1403636688.7635555,1403636688.9135554,1000,1000,500,87,0.174,0.174,87,1,0,693.4263956738795,0.0036628930525287,0.0208615809394056,0.1273893651943471,64.52703475952148,3
1403636689.4135551,0.8537826213030866,144.59351619481458,2193,1403636689.2635555,1403636689.4135554,1000,1000,500,91,0.182,0.182,91,1,0,592.946086203642,0.0033551222067835,0.0203167724050908,0.1310678586344978,65.32597541809082,3
1403636689.9135551,0.6927579777185718,143.6369065193141,2203,1403636689.7635555,1403636689.9135554,1000,1000,500,16,0.032,0.032,16,1,0,1977.1061490976465,0.0033196681640689,0.0192996524304405,0.1404521295550136,94.48599815368652,3
1403636690.4135551,0.6902715498362546,145.86321133886446,2213,1403636690.2635555,1403636690.4135554,1000,1000,500,1,0.002,0.002,1,1,0,249.67429814762576,0.0041339573160324,0.0199415829859741,0.1381807509339823,78.23681831359863,3
1403636690.9135551,0.8185760360779328,140.5870597927124,2223,1403636690.7635555,1403636690.9135554,1000,1000,500,68,0.136,0.136,68,1,0,3270.824233608312,0.0027086383243387,0.019520452397242,0.1401428205414701,58.290958404541016,3
1403636691.4135551,0.9257379634028038,141.32850581975063,2233,1403636691.2635555,1403636691.4135554,1000,1000,500,101,0.202,0.202,101,1,0,1754.0111826672774,0.0033373089943062,0.0197230421849985,0.1530639577940592,74.58996772766113,3
1403636691.9135551,0.9376917049543874,144.76864045576212,2243,1403636691.7635555,1403636691.9135554,1000,1000,500,437,0.874,0.874,437,1,0,1471.89340076517,0.0047999634745962,0.0194781818627109,0.2665606522531539,84.96427536010742,3
1403636692.4135551,1.0376363813359077,145.45870256460873,2253,1403636692.2635555,1403636692.4135554,1000,1000,500,328,0.656,0.656,328,1,0,743.4174992064959,0.0048239434468825,0.0200533424356958,0.2802275752030229,73.19307327270508,3
1403636692.9135551,1.1866176179232413,149.17497830716366,2263,1403636692.7635555,1403636692.9135554,1000,1000,500,69,0.138,0.138,69,1,0,785.4139842598837,0.0045504518903953,0.0193375471730767,0.2810359433623601,96.91500663757324,3
1403636693.4135551,1.301983662265115,147.65192817388393,2273,1403636693.2635555,1403636693.4135554,1000,1000,500,13,0.026,0.026,13,1,0,215.95854003950345,0.0039601460532554,0.0194010031792582,0.2923132187371724,73.89187812805176,3
1403636693.9135551,1.4052852060477679,146.8887623667895,2283,1403636693.7635555,1403636693.9135554,1000,1000,500,447,0.894,0.894,447,1,0,108.91887381422964,0.0043125114798956,0.0195616259076227,0.1261549621815487,82.60703086853027,3
1403636694.4135551,1.51806799305477,146.09180882945404,2293,1403636694.2635555,1403636694.4135554,1000,1000,500,3,0.006,0.006,3,1,0,559.4773540368171,0.0037448169289293,0.0193910129851513,0.1300793539782417,72.26872444152832,3
1403636694.9135551,1.6061928789473912,146.28390580415555,2303,1403636694.7635555,1403636694.9135554,1000,1000,500,40,0.08,0.08,40,1,0,1061.7275337469623,0.0032751433020229,0.0195651112760108,0.2955172525802931,68.25399398803711,3
1403636695.4135551,1.7244495466896235,147.8813454913298,2313,1403636695.2635555,1403636695.4135554,1000,1000,500,0,0.0,0.0,0,1,0,474.0880053079626,0.0039210116326351,0.0197082433768784,0.1284126838293486,89.0340805053711,3
1403636695.9135551,1.834993787647446,149.15161058255507,2323,1403636695.7635555,1403636695.9135554,1000,1000,500,4,0.008,0.008,4,1,0,391.6088008786179,0.0041357762772423,0.018984512745753,0.1155230187989424,78.26018333435059,3
1403636696.4135551,1.893042044300401,149.78762459664517,2333,1403636696.2635555,1403636696.4135554,1000,1000,500,0,0.0,0.0,0,1,0,1298.144438331244,0.0040680854034453,0.0199875902324864,0.1361218586943136,88.96327018737793,3
1403636696.9135551,1.9016966484050286,149.67255090979245,2343,1403636696.7635555,1403636696.9135554,1000,1000,500,0,0.0,0.0,0,1,0,674.1232352724288,0.0042741414292196,0.0194740463531165,0.2578818164215412,74.6917724609375,3
1403636697.4135551,1.820284129582491,153.2452674178072,2353,1403636697.2635555,1403636697.4135554,1000,1000,500,29,0.058,0.058,29,1,0,244.6038115547759,0.0043937949051934,0.0207222807267216,0.3201577095883239,79.84685897827148,3
1403636697.9135551,1.643386823062725,157.4195432258103,2363,1403636697.7635555,1403636697.9135554,1000,1000,500,19,0.038,0.038,19,1,0,2551.186747128546,0.003731371473143,0.0191202582564225,0.1329524858222214,78.6581039428711,3
1403636698.4135551,1.4226762109038216,161.81502137666405,2373,1403636698.2635555,1403636698.4135554,1000,1000,500,32,0.064,0.064,32,1,0,1118.905469526494,0.003853067899637,0.0194752972382122,0.1224047253285482,83.8320255279541,3
1403636698.9135551,1.1969158415450938,171.08974470745244,2383,1403636698.7635555,1403636698.9135554,1000,1000,500,156,0.312,0.312,156,1,0,3045.2292690152954,0.0051148818670038,0.0197273602732689,0.1454983007597067,108.1368923187256,3
1403636699.4135551,1.0222436401299535,179.98666092918648,2393,1403636699.2635555,1403636699.4135554,1000,1000,500,0,0.0,0.0,0,1,0,2738.7800891141856,0.0023363331087862,0.0200720904272736,0.1821348680265671,78.53078842163086,3
1403636699.9135551,0.9120720511109022,171.48265037333775,2403,1403636699.7635555,1403636699.9135554,1000,1000,500,34,0.068,0.068,34,1,0,2047.0365623909763,0.0042912467019261,0.019298915966587,0.2496955005831024,77.84891128540039,3
1403636700.4135551,0.7995540297488786,169.68337153027997,2413,1403636700.2635555,1403636700.4135554,1000,1000,500,10,0.02,0.02,10,1,0,830.7938984389413,0.0035817216011274,0.0195262513093336,0.5980935467613486,69.81992721557617,3
1403636700.9135551,0.723217468319732,164.13623446795464,2423,1403636700.7635555,1403636700.9135554,1000,1000,500,56,0.112,0.112,56,1,0,356.3203379520282,0.0046550768102671,0.0204437947229295,0.2862800427239937,73.77099990844727,3
1403636701.4135551,0.6799920872440942,164.2613178421227,2433,1403636701.2635555,1403636701.4135554,1000,1000,500,5,0.01,0.01,5,1,0,395.45990332934474,0.0044607197067075,0.0201144519183138,0.1295419567957678,83.68802070617676,3
1403636701.9135551,0.6570793045609649,162.61422882872486,2443,1403636701.7635555,1403636701.9135554,1000,1000,500,15,0.03,0.03,15,1,0,1212.0379845909051,0.0019081223822506,0.0193207321061141,1.5265111742441697,59.49211120605469,3
1403636702.4135551,0.7378431986737903,156.39198832627153,2453,1403636702.2635555,1403636702.4135554,1000,1000,500,49,0.098,0.098,49,1,0,644.9720960775601,0.004164014606326,0.0194749610871002,0.2704512715437895,79.84495162963867,3
1403636702.9135551,0.8324572958394354,154.59226299330922,2463,1403636702.7635555,1403636702.9135554,1000,1000,500,0,0.0,0.0,0,1,0,111.81297993294056,0.0028722380416102,0.0204973921219213,2.315287354545139,57.54280090332031,3
1403636703.4135551,1.0608081287706337,155.90860565330803,2473,1403636703.2635555,1403636703.4135554,1000,1000,500,34,0.068,0.068,34,1,0,346.499702395166,0.0033842692365996,0.0207165750697593,0.3072814387382616,65.55604934692383,3
1403636703.9135551,1.2307644562087863,154.35160488033853,2483,1403636703.7635555,1403636703.9135554,1000,1000,500,0,0.0,0.0,0,1,0,578.8336689830444,0.0048114114746976,0.0194086188235775,0.1253771050162353,108.69193077087402,3
1403636704.4135551,1.429383395582625,154.95919631704223,2493,1403636704.2635555,1403636704.4135554,1000,1000,500,143,0.286,0.286,143,1,0,267.49380592527797,0.0047428739393492,0.020286402195533,0.1261015366227393,60.862064361572266,3
1403636704.9135551,1.6549608925215025,155.22129700723755,2503,1403636704.7635555,1403636704.9135554,1000,1000,500,0,0.0,0.0,0,1,0,300.59776783581776,0.0027511068425485,0.0194454804971055,0.1273972913345262,83.36591720581055,3
1403636705.4135551,1.9927072603928455,153.4061757369364,2513,1403636705.2635555,1403636705.4135554,1000,1000,500,98,0.196,0.196,98,1,0,279.589818811026,0.0017506784814648,0.0198662533960435,0.671171080486201,53.76100540161133,3
1403636705.9135551,2.325247840553417,153.51153483014755,2523,1403636705.7635555,1403636705.9135554,1000,1000,500,99,0.198,0.198,99,1,0,1060.4131523917742,0.0028404427444645,0.0210093776788696,1.374270817328506,54.69012260437012,3
1403636706.4135551,2.735365501680423,153.66398141773848,2533,1403636706.2635555,1403636706.4135554,1000,1000,500,23,0.046,0.046,23,1,0,934.3212354071736,0.0027867343421138,0.0194050783186132,0.1936475781415944,55.76300621032715,3
1403636706.9135551,3.0339805781757665,153.208544614688,2543,1403636706.7635555,1403636706.9135554,1000,1000,500,18,0.036,0.036,18,1,0,693.5220791657832,0.0022756502705173,0.0199591572458744,2.0108505859997514,58.26568603515625,3
1403636707.4135551,3.396243435564504,151.61860813340766,2553,1403636707.2635555,1403636707.4135554,1000,1000,500,4,0.008,0.008,4,1,0,508.380171414642,0.0021372097231867,0.0208937213587515,1.0200787213859468,56.34903907775879,3
1403636707.9135551,3.7398126370252105,153.29766009457737,2563,1403636707.7635555,1403636707.9135554,1000,1000,500,53,0.106,0.106,53,1,0,412.8173872769027,0.0019749987089639,0.0187842941325523,1.8623821130887703,59.72886085510254,3
1403636708.4135551,4.230936903279652,153.26663491922326,2573,1403636708.2635555,1403636708.4135554,1000,1000,500,37,0.074,0.074,37,1,0,1117.284026506876,0.0014780881712544,0.0204698318821121,0.7009637886872017,55.64117431640625,3
1403636708.9135551,4.642307622572982,149.42715107190665,2583,1403636708.7635555,1403636708.9135554,1000,1000,500,27,0.054,0.054,27,1,0,581.9815211094145,0.0018008492620309,0.0201234017972406,1.383922850179772,57.714223861694336,3
1403636709.4135551,4.987391308301209,148.04826622395524,2593,1403636709.2635555,1403636709.4135554,1000,1000,500,27,0.054,0.054,27,1,0,395.45049568492755,0.0029587365618213,0.0195986420634781,0.2811948087285204,59.50188636779785,3
1403636709.9135551,5.2769823515426895,148.2851403706361,2603,1403636709.7635555,1403636709.9135554,1000,1000,500,30,0.06,0.06,30,1,0,220.74890766665317,0.0038101870438126,0.0206889249817809,0.1317351075536571,105.91888427734376,3
1403636710.4135551,5.53306503703279,149.84251654374415,2613,1403636710.2635555,1403636710.4135554,1000,1000,500,111,0.222,0.222,111,1,0,315.9788861165208,0.001216453497417,0.0192520575825779,0.7555687365899507,56.648969650268555,3
1403636710.9135551,5.720307630505256,155.7378334318367,2623,1403636710.7635555,1403636710.9135554,1000,1000,500,58,0.116,0.116,58,1,0,3500.3021576872375,0.0024208343248182,0.0206055566703909,1.5149274469477274,58.77089500427246,3
1403636711.4135551,5.837780874283244,156.175806485145,2633,1403636711.2635555,1403636711.4135554,1000,1000,500,111,0.222,0.222,111,1,0,1231.1960757053323,0.0021861002829143,0.0209982324403742,1.4562782044676437,60.29486656188965,3
1403636711.9135551,5.89088020271447,154.94103435576014,2643,1403636711.7635555,1403636711.9135554,1000,1000,500,77,0.154,0.154,77,1,0,236.20813327432165,0.0028847801532599,0.0198516351010739,0.1481000953716585,65.31190872192383,3
1403636712.4135551,5.799991495091811,157.47554065977067,2653,1403636712.2635555,1403636712.4135554,1000,1000,500,312,0.624,0.624,312,1,0,342.5205128855735,0.0028296284984392,0.0201157216364651,0.1634500844584947,58.71415138244629,3
1403636712.9135551,5.611747917564091,160.09651445392095,2663,1403636712.7635555,1403636712.9135554,1000,1000,500,45,0.09,0.09,45,1,0,550.1562280583177,0.004057827710857,0.018998195850448,0.1098920866629703,94.90394592285156,3
1403636713.4135551,5.309381025422108,160.78671112760262,2673,1403636713.2635555,1403636713.4135554,1000,1000,500,39,0.078,0.078,39,1,0,629.2150992837051,0.004123654542578,0.020137751040182,0.128737063558071,145.9188461303711,3
1403636713.9135551,4.953689846588294,161.8923021102889,2683,1403636713.7635555,1403636713.9135554,1000,1000,500,34,0.068,0.068,34,1,0,316.0144423077979,0.0037493587206043,0.019267113915705,0.116087764308794,71.65980339050293,3
1403636714.4135551,4.604336726743358,160.0699022176669,2693,1403636714.2635555,1403636714.4135554,1000,1000,500,34,0.068,0.068,34,1,0,1271.7279160064245,0.004043672753051,0.0192668332645613,0.2714252912690547,75.39081573486328,3
1403636714.9135551,4.296317093008931,165.49969862836616,2703,1403636714.7635555,1403636714.9135554,1000,1000,500,18,0.036,0.036,18,1,0,3951.031495599204,0.0045456397959542,0.0206567682003186,0.1354290078411491,67.76213645935059,3
1403636715.4135551,4.094590070483154,169.56668873522017,2713,1403636715.2635555,1403636715.4135554,1000,1000,500,1,0.002,0.002,1,1,0,414.3489510281868,0.0039213579085032,0.0190042886667957,0.1243170096559975,64.49413299560547,3
1403636715.9135551,3.9675071036613483,168.98722976705363,2723,1403636715.7635555,1403636715.9135554,1000,1000,500,27,0.054,0.054,27,1,0,582.615959886777,0.0049357307889733,0.0208918864026382,0.269989497286469,70.89686393737793,3
1403636716.4135551,3.7661067573158356,168.31767420987913,2733,1403636716.2635555,1403636716.4135554,1000,1000,500,3,0.006,0.006,3,1,0,237.52327924805817,0.003647275195669,0.0191675630038937,0.269184323652713,81.92014694213867,3
1403636716.9135551,3.534584526418758,170.51693800373465,2743,1403636716.7635555,1403636716.9135554,1000,1000,500,69,0.138,0.138,69,1,0,2180.3325780275645,0.0037818429479169,0.0202105137120911,0.1251164754761894,92.81516075134276,3
1403636717.4135551,3.2913390985497064,174.74473723162782,2753,1403636717.2635555,1403636717.4135554,1000,1000,500,31,0.062,0.062,31,1,0,2297.678634400503,0.0042001959181288,0.0195662280671201,0.123971581521041,88.4249210357666,3
1403636717.9135551,3.01177809669288,175.9265622661222,2763,1403636717.7635555,1403636717.9135554,1000,1000,500,61,0.122,0.122,61,1,0,1303.7810194349247,0.0046067918128401,0.0199947402477574,0.1190876870876237,118.46923828125,3
1403636718.4135551,2.6816241830594634,176.89069722836336,2773,1403636718.2635555,1403636718.4135554,1000,1000,500,71,0.142,0.142,71,1,0,808.2622803383504,0.003871120782069,0.0191445902148353,0.1153934229154945,73.51016998291016,3
1403636718.9135551,2.3821802640103704,171.60924361336842,2783,1403636718.7635555,1403636718.9135554,1000,1000,500,10,0.02,0.02,10,1,0,1141.0905068842785,0.0037402912797648,0.0202757668381441,0.1288910457449599,127.00510025024414,3
1403636719.4135551,2.133693541114008,172.47267174844828,2793,1403636719.2635555,1403636719.4135554,1000,1000,500,113,0.226,0.226,113,1,0,389.33913732747413,0.0038643276399824,0.0189916293172145,0.1132228585874523,158.95700454711914,3
1403636719.9135551,1.868678274030547,173.3603697936613,2803,1403636719.7635555,1403636719.9135554,1000,1000,500,43,0.086,0.086,43,1,0,446.269582450593,0.004055045509869,0.0199231378101042,0.1280023654359184,101.03869438171388,3
1403636720.4135551,1.6338914459426888,173.81774355728928,2813,1403636720.2635555,1403636720.4135554,1000,1000,500,1,0.002,0.002,1,1,0,369.53714677613544,0.0040420592515,0.0194997103639826,0.1105210783725902,71.1820125579834,3
1403636720.9135551,1.4481012317945132,175.09249937738775,2823,1403636720.7635555,1403636720.9135554,1000,1000,500,18,0.036,0.036,18,1,0,729.3610595970576,0.003840324612468,0.0189919225637688,0.1211179004162626,76.69711112976074,3
1403636721.4135551,1.3099351676807283,179.76858000555796,2833,1403636721.2635555,1403636721.4135554,1000,1000,500,1,0.002,0.002,1,1,0,273.6314532286486,0.0041165733077024,0.0206368500083267,0.2881659188463507,69.9610710144043,3
1403636721.9135551,1.1458673042368954,176.03579431922475,2843,1403636721.7635555,1403636721.9135554,1000,1000,500,7,0.014,0.014,7,1,0,266.75302778108255,0.0038755802595661,0.0192301524775396,0.2696464122183458,74.62930679321289,3
1403636722.4135551,0.9882971230939707,175.50262113934923,2853,1403636722.2635555,1403636722.4135554,1000,1000,500,36,0.072,0.072,36,1,0,198.89940448812197,0.0037311997200678,0.0191920403069494,0.1215301372322937,75.10018348693848,3
1403636722.9135551,0.828368160962895,173.68797325996596,2863,1403636722.7635555,1403636722.9135554,1000,1000,500,0,0.0,0.0,0,1,0,223.89484875207796,0.0042332206238253,0.0197887886379255,0.2786849762088232,102.71501541137695,3
1403636723.4135551,0.6537023881074723,173.20223928595234,2873,1403636723.2635555,1403636723.4135554,1000,1000,500,6,0.012,0.012,6,1,0,240.37757341228067,0.00364724855194,0.0195981449623977,0.1245466530272813,69.55504417419434,3
1403636723.9135551,0.46754293885154224,170.3468809778359,2883,1403636723.7635555,1403636723.9135554,1000,1000,500,14,0.028,0.028,14,1,0,627.1623223341003,0.0051326159243636,0.0189119863788171,0.2675684837912863,70.05119323730469,3
1403636724.4135551,0.39899339547200224,164.94111089308893,2893,1403636724.2635555,1403636724.4135554,1000,1000,500,9,0.018,0.018,9,1,0,2399.4352681787336,0.0048047073424431,0.0207453773949653,0.2973474566389446,77.81672477722168,3
1403636724.9135551,0.3555084961842737,162.03308387174624,2903,1403636724.7635555,1403636724.9135554,1000,1000,500,4,0.008,0.008,4,1,0,222.45042681595217,0.0031475507814826,0.0205135320019562,0.2927915265448845,67.32392311096191,3
1403636725.4135551,0.3052948764088708,163.02885194417894,2913,1403636725.2635555,1403636725.4135554,1000,1000,500,0,0.0,0.0,0,1,0,351.72582051001154,0.0040719582477035,0.0193288325224449,0.1183467965466698,79.78701591491699,3
1403636725.9135551,0.38712317172592153,162.42916876736882,2923,1403636725.7635555,1403636725.9135554,1000,1000,500,0,0.0,0.0,0,1,0,442.40800157142064,0.0046493245391314,0.0190752753813224,0.1117866985339262,95.84999084472656,3
1403636726.4135551,0.47914833165562204,162.11639293823774,2933,1403636726.2635555,1403636726.4135554,1000,1000,500,0,0.0,0.0,0,1,0,29.886719215406817,0.0039795260928437,0.0207425759236201,0.2743152137853456,67.32392311096191,3
1403636726.9135551,0.5534605221332372,163.92081240351374,2943,1403636726.7635555,1403636726.9135554,1000,1000,500,0,0.0,0.0,0,1,0,600.467793619883,0.0040239712379228,0.0199565825111165,0.1353163704480473,71.5630054473877,3
1403636727.4135551,0.6937314945017944,162.48707344159345,2953,1403636727.2635555,1403636727.4135554,1000,1000,500,0,0.0,0.0,0,1,0,73.85015731798664,0.0042220104988135,0.0196567598187117,0.2424114186201606,75.469970703125,3
1403636727.9135551,0.8857046723531017,162.29055235877465,2963,1403636727.7635555,1403636727.9135554,1000,1000,500,0,0.0,0.0,0,1,0,396.1845720316006,0.0032894801363544,0.0191241829126391,0.132041595497085,86.57097816467285,3
1403636728.4135551,1.1123632932956116,163.0517835571945,2973,1403636728.2635555,1403636728.4135554,1000,1000,500,14,0.028,0.028,14,1,0,1120.0462479102243,0.0036003689769166,0.0190075656477886,0.2673772203780374,65.98997116088867,3
1403636728.9135551,1.3262061452875507,165.94694227856115,2983,1403636728.7635555,1403636728.9135554,1000,1000,500,6,0.012,0.012,6,1,0,2257.100419912672,0.0027010429492271,0.0199340969824407,0.1451358652273666,66.65897369384766,3
1403636729.4135551,1.5704140271056022,167.7356883836625,2993,1403636729.2635555,1403636729.4135554,1000,1000,500,6,0.012,0.012,6,1,0,445.13833204100933,0.0035791772431689,0.020155115363882,0.2742079754077082,85.15524864196777,3
1403636729.9135551,1.8639624380011781,167.82329726213823,3003,1403636729.7635555,1403636729.9135554,1000,1000,500,37,0.074,0.074,37,1,0,355.9079571793348,0.0039509118788228,0.0190302818273317,0.1163930444803393,97.18728065490724,3
1403636730.4135551,2.139364756577604,167.8302216005218,3013,1403636730.2635555,1403636730.4135554,1000,1000,500,0,0.0,0.0,0,1,0,782.8870063162093,0.0298887714841993,0.0194225694772696,0.1166780656605907,80.43599128723145,3
1403636730.9135551,2.3843234369347432,168.27211641635083,3023,1403636730.7635555,1403636730.9135554,1000,1000,500,13,0.026,0.026,13,1,0,552.3154231894235,0.0030956470507919,0.0196329916827589,0.601173505442216,72.24917411804199,3
1403636731.4135551,2.5133585550166897,168.2477893216395,3033,1403636731.2635555,1403636731.4135554,1000,1000,500,2,0.004,0.004,2,1,0,1130.075533311069,0.0031649769061943,0.0192883120809221,0.2742356080453288,74.13601875305176,3
1403636731.9135551,2.570332047455745,168.33511487458168,3043,1403636731.7635555,1403636731.9135554,1000,1000,500,0,0.0,0.0,0,1,0,142.64014718281163,0.003034973070728,0.0194185196895301,0.1428512875431146,65.16575813293457,3
1403636732.4135551,2.6026334259066175,167.3773367521529,3053,1403636732.2635555,1403636732.4135554,1000,1000,500,0,0.0,0.0,0,1,0,469.717807124818,0.0027224173499679,0.0209684689235634,0.1452413319929298,83.4968090057373,3
1403636732.9135551,2.74102735685508,165.56126080042654,3063,1403636732.7635555,1403636732.9135554,1000,1000,500,11,0.022,0.022,11,1,0,212.77294334154516,0.0039769591961913,0.019281788503609,0.1319778725257361,80.15632629394531,3
1403636733.4135551,3.0144620715907005,165.90536748455182,3073,1403636733.2635555,1403636733.4135554,1000,1000,500,10,0.02,0.02,10,1,0,339.00037339817885,0.0041044471014484,0.0197786814145135,0.2866275226944341,75.53839683532715,3
1403636733.9135551,3.3221730342538516,166.2447976244097,3083,1403636733.7635555,1403636733.9135554,1000,1000,500,0,0.0,0.0,0,1,0,431.8087853998249,0.0040559614631932,0.0192816325548996,0.1116272510804994,92.64111518859865,3
1403636734.4135551,3.615842327052602,166.03297739744144,3093,1403636734.2635555,1403636734.4135554,1000,1000,500,28,0.056,0.056,28,1,0,268.09004993943574,0.004624025575579,0.0204007006868642,0.1223448840887503,112.04886436462402,3
1403636734.9135551,3.9112179395566513,166.3157859056859,3103,1403636734.7635555,1403636734.9135554,1000,1000,500,37,0.074,0.074,37,1,0,290.2805775004349,0.0034015607142835,0.0192271992290502,0.2633468215070272,87.52202987670898,3
1403636735.4135551,4.141268542690788,166.3333737749175,3113,1403636735.2635555,1403636735.4135554,1000,1000,500,32,0.064,0.064,32,1,0,395.96420675046113,0.0045529202092539,0.0216860633015357,0.1318752609463492,81.15792274475098,3
1403636735.9135551,4.321191101920177,164.7971648484997,3123,1403636735.7635555,1403636735.9135554,1000,1000,500,0,0.0,0.0,0,1,0,30.32448986359768,0.0038469907466681,0.0188988355414477,0.1275199916980587,70.96076011657715,3
1403636736.4135551,4.461071166005799,167.12389879331909,3133,1403636736.2635555,1403636736.4135554,1000,1000,500,0,0.0,0.0,0,1,0,269.7478588002736,0.0040545379668996,0.0190186573309184,0.1157861451476855,91.59708023071288,3
1403636736.9135551,4.608819397012787,166.22835975311773,3143,1403636736.7635555,1403636736.9135554,1000,1000,500,0,0.0,0.0,0,1,0,867.731419319425,0.0024898026691666,0.0190018310472164,0.2782212883230332,78.7351131439209,3
1403636737.4135551,4.789443598700181,168.78983891902033,3153,1403636737.2635555,1403636737.4135554,1000,1000,500,9,0.018,0.018,9,1,0,1354.627238323567,0.0033761084189719,0.0206958672803947,0.1338206400412957,84.33294296264648,3
1403636737.9135551,4.977481335260025,170.24941352057536,3163,1403636737.7635555,1403636737.9135554,1000,1000,500,0,0.0,0.0,0,1,0,548.0418348108841,0.0046779518744317,0.0203528094988637,0.289143797186235,84.9452018737793,3
1403636738.4135551,5.099538414191033,168.58221718702956,3173,1403636738.2635555,1403636738.4135554,1000,1000,500,21,0.042,0.042,21,1,0,266.86385189859925,0.0021066428801236,0.0189636681883858,0.2807370610598542,73.7910270690918,3
1403636738.9135551,5.105134353350678,162.8076278674846,3183,1403636738.7635555,1403636738.9135554,1000,1000,500,14,0.028,0.028,14,1,0,3021.609113232135,0.0031458905623475,0.0190765085314058,0.1538722873450002,81.57515525817871,3
1403636739.4135551,5.027758591100716,151.60774666432226,3193,1403636739.2635555,1403636739.4135554,1000,1000,500,45,0.09,0.09,45,1,0,1951.6429505504216,0.0031496494216004,0.0206335115761225,0.281548557077949,71.99501991271973,3
1403636739.9135551,4.966052296498821,147.03233478063214,3203,1403636739.7635555,1403636739.9135554,1000,1000,500,1,0.002,0.002,1,1,0,389.92805049511986,0.0031913487525262,0.0193662773495262,0.2763996021702949,75.00195503234863,3
1403636740.4135551,4.890249962496346,145.73279822163323,3213,1403636740.2635555,1403636740.4135554,1000,1000,500,19,0.038,0.038,19,1,0,224.51782289893524,0.0038780469885149,0.0193933896120904,0.1312567063304972,91.46618843078612,3
1403636740.9135551,4.837007054421225,146.735079770323,3223,1403636740.7635555,1403636740.9135554,1000,1000,500,8,0.016,0.016,8,1,0,475.2339691437985,0.0043827772384498,0.0189867047789292,0.1201921260373943,94.65408325195312,3
1403636741.4135551,4.822416905860071,144.3174658025192,3233,1403636741.2635555,1403636741.4135554,1000,1000,500,23,0.046,0.046,23,1,0,412.5304090187982,0.0041584503717809,0.0212914917825876,0.3157809364574355,79.29277420043945,3
1403636741.9135551,4.826145442039658,144.07587423210785,3243,1403636741.7635555,1403636741.9135554,1000,1000,500,5,0.01,0.01,5,1,0,364.8201080523559,0.0039962265934853,0.0190907550654743,0.2712995471471079,74.2030143737793,3
1403636742.4135551,4.7845205025950195,145.05060872988685,3253,1403636742.2635555,1403636742.4135554,1000,1000,500,2,0.004,0.004,2,1,0,546.9162914630325,0.0038486823802602,0.0205824977909237,0.1320703423133132,78.81689071655273,3
1403636742.9135551,4.721389044964327,144.4715526215067,3263,1403636742.7635555,1403636742.9135554,1000,1000,500,0,0.0,0.0,0,1,0,29.02451389925156,0.0037075820751387,0.0191791913514981,0.2698935721587796,75.37603378295898,3
1403636743.4135551,4.650434026932234,145.73300237456692,3273,1403636743.2635555,1403636743.4135554,1000,1000,500,16,0.032,0.032,16,1,0,283.07607462116874,0.0037329873812546,0.021498423912664,0.1639226270959689,65.36102294921875,3
1403636743.9135551,4.443304910850473,141.33534800134035,3283,1403636743.7635555,1403636743.9135554,1000,1000,500,17,0.034,0.034,17,1,0,816.7088975857246,0.0013909952426422,0.0197718501294552,0.6973908124485524,61.10525131225586,3
1403636744.4135551,4.237391716116308,138.96658076427386,3293,1403636744.2635555,1403636744.4135554,1000,1000,500,284,0.568,0.568,284,1,0,470.9142523748025,0.0045126738029869,0.0188720817680017,0.1321920238713029,97.5959300994873,3
1403636744.9135551,4.1273460385607414,138.8268887368206,3303,1403636744.7635555,1403636744.9135554,1000,1000,500,457,0.914,0.914,457,1,0,572.7085316142159,0.0038599773214127,0.0203911618478986,0.1311244482125127,64.73588943481445,3
1403636745.4135551,4.067884056325447,139.99312878580844,3313,1403636745.2635555,1403636745.4135554,1000,1000,500,35,0.07,0.07,35,1,0,392.8329330444766,0.0024253379122591,0.0212486047065938,0.151608624431479,65.55390357971191,3
1403636745.9135551,4.0019458073892595,137.29203871194923,3323,1403636745.7635555,1403636745.9135554,1000,1000,500,5,0.01,0.01,5,1,0,347.77885828904215,0.0040548723844154,0.0204152043184337,0.4848042118705848,73.71115684509277,3
1403636746.4135551,3.9507873879254927,133.39993403959292,3333,1403636746.2635555,1403636746.4135554,1000,1000,500,0,0.0,0.0,0,1,0,531.1323729752938,0.0042365426647732,0.0187077170164716,0.263806193835335,109.42602157592772,3
1403636746.9135551,3.978772295250617,140.4880132017572,3343,1403636746.7635555,1403636746.9135554,1000,1000,500,4,0.008,0.008,4,1,0,231.69758702720327,0.0036210099355353,0.0195863264080901,0.3062273509204798,75.33001899719238,3
1403636747.4135551,3.908476662844118,136.30637286875415,3353,1403636747.2635555,1403636747.4135554,1000,1000,500,0,0.0,0.0,0,1,0,398.4722900871785,0.0048279004981835,0.0197334078178573,0.122505195906407,69.99516487121582,3
1403636747.9135551,3.874887068969774,136.0390011201677,3363,1403636747.7635555,1403636747.9135554,1000,1000,500,0,0.0,0.0,0,1,0,988.9411678269298,0.0026527254642401,0.0202452238860377,1.3406016140328554,61.470985412597656,3
1403636748.4135551,3.781598247828365,136.19047065952503,3373,1403636748.2635555,1403636748.4135554,1000,1000,500,0,0.0,0.0,0,1,0,505.816844466429,0.0041477128730757,0.0193905383375804,0.2887049903240137,80.68108558654785,3
1403636748.9135551,3.6890613407638484,136.44901058783927,3383,1403636748.7635555,1403636748.9135554,1000,1000,500,35,0.07,0.07,35,1,0,762.525273422611,0.0030262448151676,0.0194254299077038,0.2988057465966512,68.44615936279297,3
1403636749.4135551,3.6109842191911867,134.94789964369514,3393,1403636749.2635555,1403636749.4135554,1000,1000,500,0,0.0,0.0,0,1,0,367.3470649885849,0.0043276508061592,0.0202873584235433,0.1269099970656772,148.04673194885254,3
1403636749.9135551,3.578740952347146,132.65238059654715,3403,1403636749.7635555,1403636749.9135554,1000,1000,500,26,0.052,0.052,26,1,0,467.2726529445822,0.001457409944716,0.0189065894884526,1.1767753970918209,62.66593933105469,3
1403636750.4135551,3.6491789722509975,134.3762173509554,3413,1403636750.2635555,1403636750.4135554,1000,1000,500,1,0.002,0.002,1,1,0,213.547188379542,0.0022256061569862,0.0208225805532442,0.5825458082080034,65.60206413269043,3
1403636750.9135551,3.7684237914673218,135.08850559384297,3423,1403636750.7635555,1403636750.9135554,1000,1000,500,0,0.0,0.0,0,1,0,270.77911633518016,0.0044366006300866,0.0202244392859171,0.1254025255099484,121.6881275177002,3
1403636751.4135551,3.9112668100053773,135.86403061216976,3433,1403636751.2635555,1403636751.4135554,1000,1000,500,4,0.008,0.008,4,1,0,1314.0769137868615,0.0045601887315282,0.0198181466666705,0.1314107613451974,82.31496810913086,3
1403636751.9135551,4.051431398692407,138.70853924613618,3443,1403636751.7635555,1403636751.9135554,1000,1000,500,2,0.004,0.004,2,1,0,1154.538490229698,0.0018154357438399,0.0199541502314812,1.076250720550515,65.14406204223633,3
1403636752.4135551,4.079927076013524,137.6128764195096,3453,1403636752.2635555,1403636752.4135554,1000,1000,500,28,0.056,0.056,28,1,0,1172.111457539978,0.0020914906594478,0.0203826292930657,0.1569808146974503,65.86122512817383,3
1403636752.9135551,4.115512209825856,144.35961369633446,3463,1403636752.7635555,1403636752.9135554,1000,1000,500,0,0.0,0.0,0,1,0,371.4735584136308,0.0017320940094972,0.0193459176041513,0.1395182847307676,64.4979476928711,3
1403636753.4135551,4.142664754016421,151.0284218497078,3473,1403636753.2635555,1403636753.4135554,1000,1000,500,8,0.016,0.016,8,1,0,1949.832425142607,0.0027755171501268,0.019941901529909,0.2932378882851374,70.10102272033691,3
1403636753.9135551,4.211902966706815,153.77199867563897,3483,1403636753.7635555,1403636753.9135554,1000,1000,500,20,0.04,0.04,20,1,0,201.43243337266375,0.0037806042231689,0.0192539448862094,0.1233949526609983,80.3368091583252,3
1403636754.4135551,4.342527491938498,151.74059784453507,3493,1403636754.2635555,1403636754.4135554,1000,1000,500,3,0.006,0.006,3,1,0,222.66446286603664,0.0042005689198469,0.0202051422592393,0.1220788789520567,95.2889919281006,3
1403636754.9135551,4.583642909705178,155.81981535326997,3503,1403636754.7635555,1403636754.9135554,1000,1000,500,222,0.444,0.444,222,1,0,68.76540243293933,0.0024048910342102,0.0193030884116471,0.2575187157234281,65.3371810913086,3
1403636755.4135551,4.88940318489071,158.12906585929676,3513,1403636755.2635555,1403636755.4135554,1000,1000,500,37,0.074,0.074,37,1,0,1777.4932704718883,0.0044716430412849,0.0201360100981797,0.2749869573089045,120.51916122436523,3
1403636755.9135551,5.221812190064835,157.27345181030785,3523,1403636755.7635555,1403636755.9135554,1000,1000,500,103,0.206,0.206,103,1,0,325.0710453628466,0.0036582695189573,0.0197571438893362,0.2703572784482203,87.3870849609375,3
1403636756.4135551,5.581137845738621,156.89880318409652,3533,1403636756.2635555,1403636756.4135554,1000,1000,500,19,0.038,0.038,19,1,0,640.9961103424188,0.0033805296584594,0.0192685757235304,0.6198910775150281,78.20892333984375,3
1403636756.9135551,5.941832572037864,156.99563682830404,3543,1403636756.7635555,1403636756.9135554,1000,1000,500,2,0.004,0.004,2,1,0,0.0772196554442308,0.0036472148820273,0.0204479319592911,0.128108435619486,87.14914321899414,3
1403636757.4135551,6.336427819690424,157.0921861664047,3553,1403636757.2635555,1403636757.4135554,1000,1000,500,20,0.04,0.04,20,1,0,1385.6282223708497,0.0040240876446388,0.0193459863148782,0.1134930006640659,74.0962028503418,3
1403636757.9135551,6.748060470523681,159.8725048640342,3563,1403636757.7635555,1403636757.9135554,1000,1000,500,101,0.202,0.202,101,1,0,660.4191717436341,0.0042980725346824,0.020775091201395,0.1249216555789112,86.82703971862793,3
1403636758.4135551,7.129757124004484,160.12505531783114,3573,1403636758.2635555,1403636758.4135554,1000,1000,500,1,0.002,0.002,1,1,0,1415.645990708609,0.0026563463360774,0.0184597801132821,0.1296533702259381,65.07420539855957,3
1403636758.9135551,7.449334913569674,161.1905364136116,3583,1403636758.7635555,1403636758.9135554,1000,1000,500,13,0.026,0.026,13,1,0,176.79595179520038,0.002182227411088,0.0189863346995799,1.2169891934234405,62.62707710266113,3
1403636759.4135551,7.5859617941364705,163.32477228525036,3593,1403636759.2635555,1403636759.4135554,1000,1000,500,64,0.128,0.128,64,1,0,241.96190180027307,0.0038466452402322,0.0193199197407922,0.1232795175461627,65.05417823791504,3
1403636759.9135551,7.62661687470623,160.17489418783367,3603,1403636759.7635555,1403636759.9135554,1000,1000,500,1,0.002,0.002,1,1,0,1016.9267481458872,0.0036985137420284,0.0193163319928565,0.1281622908461316,100.01683235168456,3
1403636760.4135551,7.666119039998664,159.78615050090684,3613,1403636760.2635555,1403636760.4135554,1000,1000,500,0,0.0,0.0,0,1,0,331.0767434437947,0.0042834552868039,0.0196843070516598,0.1171013495136257,116.34373664855956,3
1403636760.9135551,7.702839975893645,158.72274162474426,3623,1403636760.7635555,1403636760.9135554,1000,1000,500,62,0.124,0.124,62,1,0,211.52292554670873,0.0042089684176298,0.0195963139173868,0.1349117390584071,83.3749771118164,3
1403636761.4135551,7.767984184161738,160.11471980994574,3633,1403636761.2635555,1403636761.4135554,1000,1000,500,120,0.24,0.24,120,1,0,631.5666676134855,0.0027988790405095,0.0205136851356549,0.1457700310628098,63.111066818237305,3
1403636761.9135551,7.830945244679596,160.45589794210346,3643,1403636761.7635555,1403636761.9135554,1000,1000,500,28,0.056,0.056,28,1,0,294.8275613775588,0.0027687843581883,0.0198346516942283,0.3037236213002484,71.82097434997559,3
1403636762.4135551,7.873727387542992,157.16298702577353,3653,1403636762.2635555,1403636762.4135554,1000,1000,500,19,0.038,0.038,19,1,0,121.27513450093052,0.0020522507705849,0.0186917064921785,0.1432646586125193,64.05520439147949,3
